district_id,academic_year,student_days,absent_days,absence_rate,mean_deprivation,rural_share_among_observed,rural_unknown_rate
1,2022,1751,179,0.10222729868646488,0.4905523015419758,0.29228775113415423,0.11878926327812679
1,2023,1629,171,0.10497237569060773,0.4912113812154703,0.29221226740179185,0.1092694904849601
1,2024,1681,181,0.10767400356930398,0.48827995835812005,0.2977867203219316,0.11302795954788816
1,2025,1728,200,0.11574074074074074,0.47701420138888956,0.3240078074170462,0.11053240740740741
10,2022,1709,165,0.0965476887068461,0.4825258338209486,0.28448275862068967,0.11761263897015799
10,2023,1725,197,0.11420289855072464,0.4980612753623185,0.28172757475083055,0.12753623188405797
10,2024,1702,169,0.09929494712103408,0.4840120387779088,0.30474934036939316,0.10928319623971798
10,2025,1646,161,0.09781287970838397,0.4797739671931955,0.29114799446749656,0.12150668286755771
100,2022,1767,176,0.09960384833050367,0.5004062308998296,0.3029525032092426,0.11827956989247312
100,2023,1675,191,0.11402985074626866,0.48766843582089625,0.30046635576282477,0.10388059701492537
100,2024,1690,157,0.09289940828402367,0.47091172189349134,0.29764309764309765,0.12130177514792899
100,2025,1688,170,0.10071090047393365,0.4947549644549768,0.3034623217922607,0.1273696682464455
101,2022,1695,158,0.09321533923303835,0.4904564365781706,0.3097463284379172,0.11622418879056047
101,2023,1709,171,0.10005851375073142,0.4811432241076656,0.2828418230563003,0.1269748390871855
101,2024,1728,154,0.08912037037037036,0.48932071180555503,0.29683377308707126,0.12268518518518519
101,2025,1672,170,0.10167464114832536,0.4784970992822963,0.2976109215017065,0.12380382775119617
102,2022,1625,147,0.09046153846153847,0.47748135999999936,0.2949894142554693,0.128
102,2023,1648,161,0.09769417475728155,0.4818293628640771,0.30545957152729786,0.12196601941747573
102,2024,1712,168,0.09813084112149532,0.4904727686915885,0.3119629874421679,0.11623831775700935
102,2025,1641,174,0.10603290676416818,0.49089867154174305,0.2872852233676976,0.113345521023766
103,2022,1679,173,0.10303752233472305,0.4891156879094698,0.2973154362416107,0.1125670041691483
103,2023,1701,172,0.1011169900058789,0.48946833039388626,0.30564784053156147,0.11522633744855967
103,2024,1626,165,0.1014760147601476,0.4963276752767527,0.3003508771929825,0.12361623616236163
103,2025,1701,160,0.09406231628453851,0.5005295061728401,0.29845741113346747,0.12345679012345678
104,2022,1701,168,0.09876543209876543,0.4947393944738393,0.290473017988008,0.11757789535567313
104,2023,1760,178,0.10113636363636364,0.49077818181818234,0.2834748530372306,0.13011363636363638
104,2024,1714,185,0.10793465577596266,0.4903027187864649,0.30657894736842106,0.11318553092182031
104,2025,1618,164,0.10135970333745364,0.49447459826946916,0.2867132867132867,0.1161928306551298
105,2022,1696,167,0.09846698113207547,0.48919179245283034,0.286,0.11556603773584906
105,2023,1663,173,0.10402886349969934,0.500312910402886,0.2965470548408937,0.11184606133493687
105,2024,1606,178,0.11083437110834371,0.500272110834371,0.2784452296819788,0.11892901618929017
105,2025,1705,184,0.10791788856304986,0.49227147800586546,0.3044914134742404,0.11202346041055719
106,2022,1653,155,0.09376890502117362,0.4806293587416812,0.3128415300546448,0.11433756805807622
106,2023,1686,160,0.09489916963226572,0.4867831316725977,0.3023569023569024,0.11921708185053381
106,2024,1670,202,0.12095808383233533,0.4893235089820355,0.31017881705639616,0.12934131736526946
106,2025,1682,166,0.09869203329369798,0.4941622532699166,0.30879345603271985,0.1278240190249703
107,2022,1717,178,0.10366919044845661,0.488831001747234,0.3007915567282322,0.11706464764123471
107,2023,1751,173,0.09880068532267276,0.48639849800114143,0.29832474226804123,0.11364934323243861
107,2024,1677,144,0.08586762075134168,0.47867513416815677,0.30209035738368173,0.11568276684555755
107,2025,1641,176,0.10725167580743449,0.48529678854357083,0.28385772913816687,0.10907982937233394
108,2022,1699,169,0.09947027663331372,0.47584317245438446,0.3046132971506106,0.13243084167157151
108,2023,1665,171,0.10270270270270271,0.49544819819819813,0.3002070393374741,0.12972972972972974
108,2024,1744,164,0.09403669724770643,0.48904384174311893,0.3005249343832021,0.12614678899082568
108,2025,1683,164,0.0974450386215092,0.4857345811051698,0.2905811623246493,0.11051693404634581
109,2022,1708,152,0.08899297423887588,0.4919848946135827,0.302,0.12177985948477751
109,2023,1775,182,0.10253521126760563,0.4843784225352109,0.30660679923027584,0.12169014084507042
109,2024,1746,174,0.09965635738831616,0.48702395761741174,0.2866365397030342,0.11282932416953036
109,2025,1700,174,0.10235294117647059,0.48711308235294065,0.29740518962075846,0.11588235294117646
11,2022,1665,179,0.10750750750750751,0.4833909189189183,0.32186234817813764,0.10990990990990991
11,2023,1689,164,0.09709887507400829,0.4827046240378925,0.2916666666666667,0.13321492007104796
11,2024,1586,170,0.10718789407313997,0.48999034678436254,0.29776496034607064,0.12547288776796975
11,2025,1642,142,0.08647990255785627,0.49563565773447005,0.302713987473904,0.1248477466504263
110,2022,1761,162,0.0919931856899489,0.4800037649063039,0.29686500319897635,0.11243611584327087
110,2023,1687,173,0.1025489033787789,0.4938645880260811,0.29383561643835615,0.13455838767042086
110,2024,1701,167,0.09817754262198707,0.4960468959435623,0.3175133689839572,0.12051734273956496
110,2025,1680,202,0.12023809523809524,0.49316386904761933,0.3074848280512475,0.11726190476190476
111,2022,1716,177,0.10314685314685315,0.48545259906759963,0.2863756613756614,0.11888111888111888
111,2023,1655,187,0.11299093655589124,0.48916079154078534,0.28561501042390547,0.13051359516616315
111,2024,1687,167,0.0989922940130409,0.491558192056905,0.2777027027027027,0.12270302311796087
111,2025,1655,159,0.09607250755287008,0.49246016918429064,0.31241473396998637,0.11419939577039274
112,2022,1744,180,0.10321100917431193,0.4793397419724766,0.3012442698100851,0.12442660550458716
112,2023,1615,168,0.10402476780185758,0.4888738823529412,0.3103448275862069,0.12012383900928793
112,2024,1774,168,0.09470124013528748,0.46982805524238996,0.31021437578814626,0.10597519729425028
112,2025,1680,182,0.10833333333333334,0.4847470297619044,0.2950708980418636,0.11845238095238095
113,2022,1692,168,0.09929078014184398,0.491618628841607,0.29511533242876525,0.1288416075650118
113,2023,1650,168,0.10181818181818182,0.48819463636363647,0.3000674308833446,0.10121212121212121
113,2024,1772,160,0.09029345372460497,0.4917179966139957,0.29987212276214836,0.11738148984198646
113,2025,1721,178,0.10342823939570017,0.4887458919233009,0.3083989501312336,0.11446833236490413
114,2022,1620,163,0.10061728395061728,0.4845723641975305,0.30239099859353025,0.12222222222222222
114,2023,1725,166,0.09623188405797102,0.4930340811594205,0.2884990253411306,0.10782608695652174
114,2024,1647,167,0.10139647844565877,0.48437422586520945,0.28027681660899656,0.12264723740133576
114,2025,1693,164,0.09686946249261666,0.48949897223862987,0.28378378378378377,0.125812167749557
115,2022,1643,176,0.10712111990261716,0.4933624345709073,0.3084370677731674,0.1199026171637249
115,2023,1711,162,0.09468147282291058,0.5018132261835186,0.29509283819628646,0.11864406779661017
115,2024,1658,170,0.10253317249698432,0.47674542822678,0.30721649484536084,0.1224366706875754
115,2025,1651,172,0.10417928528164748,0.4842953179890981,0.31010452961672474,0.1308298001211387
116,2022,1711,153,0.08942139099941554,0.4876227177089429,0.2963696369636964,0.11455289304500292
116,2023,1764,172,0.09750566893424037,0.4882478741496597,0.30719794344473006,0.11791383219954649
116,2024,1662,147,0.08844765342960288,0.4924133453670282,0.3072289156626506,0.10108303249097472
116,2025,1734,198,0.11418685121107267,0.48740822952710544,0.3098220171390903,0.1251441753171857
117,2022,1698,170,0.10011778563015312,0.4813342285041223,0.29973474801061006,0.11189634864546526
117,2023,1699,180,0.10594467333725721,0.5086778752207181,0.31271015467383995,0.12477928193054738
117,2024,1690,178,0.10532544378698225,0.4980132011834326,0.32635135135135135,0.1242603550295858
117,2025,1703,179,0.10510863182618908,0.49214917792131585,0.30944407233757537,0.12331180270111568
118,2022,1648,169,0.10254854368932038,0.49464562500000037,0.3007570543702684,0.1183252427184466
118,2023,1750,164,0.09371428571428571,0.4732692571428572,0.30299089726918077,0.12114285714285715
118,2024,1711,176,0.10286382232612508,0.4977532787843362,0.2802929427430093,0.12215078901227353
118,2025,1626,148,0.0910209102091021,0.5039234132841326,0.2928370786516854,0.12423124231242312
119,2022,1724,150,0.08700696055684455,0.48794749419953665,0.30138797091870456,0.12238979118329467
119,2023,1661,164,0.09873570138470801,0.49024855508729737,0.2857142857142857,0.10656231186032511
119,2024,1699,170,0.10005885815185403,0.4774166391995287,0.28888888888888886,0.125956444967628
119,2025,1676,156,0.09307875894988067,0.5050673687350836,0.28503075871496925,0.12708830548926014
12,2022,1708,157,0.09192037470725996,0.4854297014051519,0.27669576897246473,0.12822014051522249
12,2023,1707,177,0.10369068541300527,0.5017585530169895,0.2896642527978934,0.11013473930872876
12,2024,1683,157,0.0932857991681521,0.4890518775995246,0.2872555630478759,0.11883541295306001
12,2025,1662,165,0.09927797833935018,0.49416090854392375,0.30362116991643456,0.13598074608904934
120,2022,1628,175,0.1074938574938575,0.49692860565110525,0.3026685393258427,0.12530712530712532
120,2023,1738,191,0.10989643268124281,0.48822246260069097,0.29986876640419946,0.12313003452243959
120,2024,1700,178,0.10470588235294118,0.502045211764706,0.3157894736842105,0.11705882352941177
120,2025,1729,177,0.10237131289762869,0.4869809080393294,0.2937704918032787,0.11798727588201273
121,2022,1687,168,0.0995850622406639,0.4898187314759925,0.30437710437710436,0.11973918197984589
121,2023,1720,181,0.10523255813953489,0.4835449302325584,0.2903871829105474,0.12906976744186047
121,2024,1667,174,0.10437912417516497,0.48512071385722905,0.32231404958677684,0.1289742051589682
121,2025,1815,176,0.09696969696969697,0.5034997796143243,0.31214600377595975,0.12451790633608815
122,2022,1697,184,0.10842663523865645,0.4866421921037128,0.3114973262032086,0.11844431349440189
122,2023,1734,178,0.10265282583621683,0.49463867358708175,0.29555997349237906,0.12975778546712802
122,2024,1684,191,0.11342042755344418,0.4721670665083133,0.27479892761394104,0.11401425178147269
122,2025,1692,168,0.09929078014184398,0.49302302009456234,0.3187035786630655,0.12470449172576832
123,2022,1702,172,0.10105757931844889,0.48006660987074007,0.2993243243243243,0.13043478260869565
123,2023,1676,171,0.10202863961813842,0.48572602625298317,0.3082706766917293,0.12708830548926014
123,2024,1701,164,0.09641387419165197,0.48872916519694337,0.2996057818659658,0.10523221634332745
123,2025,1748,148,0.08466819221967964,0.4742724084668188,0.3038057742782152,0.12814645308924486
124,2022,1666,180,0.10804321728691477,0.48441049219687865,0.31471389645776565,0.11884753901560624
124,2023,1693,168,0.09923213230950975,0.4849606910809217,0.317907444668008,0.119314825753101
124,2024,1735,139,0.08011527377521614,0.4895538962536032,0.28692257644762525,0.11412103746397695
124,2025,1701,180,0.10582010582010581,0.48736503821281607,0.3096179183135705,0.10758377425044091
125,2022,1686,186,0.1103202846975089,0.49764712930011823,0.30187416331994643,0.11387900355871886
125,2023,1642,191,0.11632155907429964,0.4919333922046282,0.2934707903780069,0.11388550548112059
125,2024,1645,136,0.08267477203647416,0.479898541033435,0.26366120218579236,0.11003039513677812
125,2025,1742,163,0.09357060849598163,0.4858976234213544,0.30585962652929816,0.10849598163030999
126,2022,1639,173,0.10555216595485052,0.4970896278218433,0.2948986722571628,0.12690665039658328
126,2023,1753,197,0.11237877923559612,0.4888639931545916,0.29438347320852165,0.1163719338277239
126,2024,1661,177,0.10656231186032511,0.4829404214328722,0.2787671232876712,0.12101143889223359
126,2025,1754,176,0.10034207525655645,0.47331776510832335,0.2952503209242619,0.11174458380843785
127,2022,1760,188,0.10681818181818181,0.48120672727272723,0.27968851395197925,0.12443181818181819
127,2023,1692,183,0.10815602836879433,0.49548173758865216,0.2979011509817197,0.12706855791962174
127,2024,1718,174,0.10128055878928988,0.49010162980209626,0.301937207748831,0.12863795110593715
127,2025,1694,161,0.09504132231404959,0.49263253246753197,0.2963951935914553,0.11570247933884298
128,2022,1694,176,0.1038961038961039,0.47786043093270436,0.3161114887831407,0.13164108618654075
128,2023,1661,193,0.11619506321493077,0.4754820409391937,0.3002056202878684,0.12161348585189645
128,2024,1671,196,0.1172950329144225,0.48715786355475715,0.3142857142857143,0.12028725314183124
128,2025,1708,189,0.11065573770491803,0.47912956088993,0.32445036642238506,0.1211943793911007
129,2022,1662,142,0.08543922984356198,0.49827543922984313,0.2937625754527163,0.10288808664259928
129,2023,1742,151,0.08668197474167623,0.47731288748564926,0.30357142857142855,0.13203214695752008
129,2024,1641,164,0.09993906154783669,0.4872555332114561,0.30694444444444446,0.12248628884826325
129,2025,1684,168,0.0997624703087886,0.49527285035629415,0.2937249666221629,0.11045130641330166
13,2022,1699,157,0.0924072984108299,0.4859199234844033,0.3020354563361786,0.10359034726309593
13,2023,1702,154,0.09048178613396005,0.49439210928319643,0.29431438127090304,0.12162162162162163
13,2024,1711,184,0.10753945061367622,0.4982484102863826,0.2984676882078614,0.12273524254821741
13,2025,1667,173,0.10377924415116976,0.49483721055788843,0.29263301500682126,0.1205758848230354
130,2022,1702,181,0.10634547591069331,0.4970223090481784,0.30764075067024127,0.12338425381903642
130,2023,1650,143,0.08666666666666667,0.49582874545454597,0.30353430353430355,0.12545454545454546
130,2024,1709,168,0.09830310122878877,0.47962702165008814,0.30087306917394224,0.12873025160912815
130,2025,1722,177,0.10278745644599303,0.5017802148664339,0.28608752449379493,0.11091753774680604
131,2022,1786,182,0.1019036954087346,0.48906867861142184,0.3008849557522124,0.11422172452407615
131,2023,1754,164,0.09350057012542759,0.47116820410490295,0.304177545691906,0.1265678449258837
131,2024,1658,164,0.09891435464414958,0.4894561700844385,0.3174931129476584,0.12424607961399277
131,2025,1702,184,0.10810810810810811,0.48963343125734393,0.3121232417950435,0.1227967097532315
132,2022,1626,153,0.0940959409594096,0.490339710947109,0.3022440392706872,0.12300123001230012
132,2023,1671,161,0.09634949132256133,0.47631084380610367,0.3047034764826176,0.12208258527827648
132,2024,1614,171,0.10594795539033457,0.48500585501858756,0.3041637261820748,0.12205700123915737
132,2025,1677,169,0.10077519379844961,0.49326179487179456,0.31536388140161725,0.11508646392367322
133,2022,1734,154,0.08881199538638986,0.48575989042675877,0.28945645055664704,0.11937716262975778
133,2023,1643,181,0.11016433353621424,0.4995043274497868,0.29568788501026694,0.11077297626293366
133,2024,1652,178,0.10774818401937046,0.4970382687651335,0.28983516483516486,0.11864406779661017
133,2025,1679,176,0.10482430017867779,0.4950361822513398,0.2935153583617747,0.12745681953543775
134,2022,1675,165,0.09850746268656717,0.4927108179104476,0.31485284052019163,0.12776119402985076
134,2023,1727,164,0.09496236247828604,0.4900196757382751,0.3063660477453581,0.12680949623624782
134,2024,1708,178,0.10421545667447307,0.4850009601873534,0.30059721300597214,0.11768149882903982
134,2025,1696,171,0.1008254716981132,0.48693021816037724,0.3164983164983165,0.12441037735849056
135,2022,1671,181,0.10831837223219629,0.48031742669060434,0.30601092896174864,0.12387791741472172
135,2023,1747,160,0.09158557527189468,0.48497600457927836,0.2777413000656599,0.12821980538065256
135,2024,1702,145,0.08519388954171563,0.4843722502937721,0.31376518218623484,0.12925969447708577
135,2025,1652,152,0.09200968523002422,0.5003614648910408,0.2848275862068966,0.12227602905569007
136,2022,1682,176,0.10463733650416171,0.48877743162901327,0.3008789722785666,0.1206896551724138
136,2023,1729,183,0.10584152689415847,0.4896820242914977,0.31009771986970686,0.11220358588779641
136,2024,1769,166,0.09383832673827021,0.4815408705483319,0.2908392056374119,0.11758055398530243
136,2025,1757,181,0.10301650540694365,0.4929842572566871,0.30156657963446476,0.12805919180421171
137,2022,1666,154,0.09243697478991597,0.4886891236494594,0.30978260869565216,0.11644657863145258
137,2023,1664,176,0.10576923076923077,0.48073190504807667,0.3246217331499312,0.12620192307692307
137,2024,1770,169,0.09548022598870057,0.49959727683615845,0.2923272035510463,0.10903954802259887
137,2025,1606,168,0.10460772104607721,0.48857270859277624,0.29674220963172804,0.12079701120797011
138,2022,1667,184,0.11037792441511697,0.4815991181763644,0.30901582931865107,0.12837432513497302
138,2023,1652,160,0.09685230024213075,0.4975137711864408,0.2823851953392735,0.11682808716707022
138,2024,1736,158,0.09101382488479262,0.4782722695852542,0.3104575163398693,0.11866359447004608
138,2025,1649,153,0.09278350515463918,0.5010266100667076,0.3006993006993007,0.1328077622801698
139,2022,1680,158,0.09404761904761905,0.5121099702380951,0.2878989361702128,0.10476190476190476
139,2023,1747,153,0.08757870635374929,0.4919293703491702,0.30468248877485565,0.10761305094447625
139,2024,1731,181,0.10456383593298671,0.48848844020797255,0.29934640522875816,0.11611785095320624
139,2025,1700,159,0.09352941176470589,0.4869197647058825,0.30634278002699056,0.12823529411764706
14,2022,1635,178,0.10886850152905199,0.49293879510703315,0.30806675938803896,0.12048929663608562
14,2023,1709,174,0.10181392627267408,0.48826551199531865,0.2963455149501661,0.11936805149210064
14,2024,1696,191,0.11261792452830188,0.5044582311320758,0.2732712765957447,0.11320754716981132
14,2025,1764,168,0.09523809523809523,0.488040839002267,0.30510665804783454,0.12301587301587301
140,2022,1654,151,0.0912938331318017,0.4825653204353089,0.3004172461752434,0.13059250302297462
140,2023,1692,154,0.09101654846335698,0.49065715130023607,0.3090787716955941,0.11465721040189125
140,2024,1701,180,0.10582010582010581,0.48539848912404443,0.3001345895020188,0.12639623750734863
140,2025,1747,194,0.1110475100171723,0.47934433886662836,0.29282482223658696,0.11448196908986835
141,2022,1642,167,0.10170523751522534,0.4962532399512793,0.29061624649859946,0.13032886723507917
141,2023,1717,174,0.10133954571927781,0.5038202562609194,0.29082628497072216,0.10483401281304601
141,2024,1746,174,0.09965635738831616,0.47509332760595574,0.2974559686888454,0.12199312714776632
141,2025,1667,181,0.10857828434313137,0.507125890821836,0.2916952642415923,0.1259748050389922
142,2022,1677,189,0.11270125223613596,0.492921592128801,0.3095396931287525,0.10614192009540847
142,2023,1816,194,0.10682819383259912,0.4899011784140974,0.28375855631611696,0.11508810572687225
142,2024,1784,178,0.09977578475336323,0.49137838004484385,0.30689877498388135,0.13060538116591927
142,2025,1646,179,0.10874848116646416,0.48975059538274635,0.3210130047912389,0.11239368165249089
143,2022,1718,169,0.09837019790454016,0.4885037427240977,0.2938856015779093,0.11466821885913853
143,2023,1644,127,0.07725060827250609,0.47316974452554744,0.31103448275862067,0.11800486618004866
143,2024,1662,154,0.09265944645006016,0.49399572202166026,0.294478527607362,0.11732851985559567
143,2025,1680,167,0.0994047619047619,0.4829800714285714,0.29043126684636117,0.11666666666666667
144,2022,1665,194,0.11651651651651651,0.49745904504504546,0.30149051490514905,0.11351351351351352
144,2023,1679,185,0.11018463371054199,0.4958911733174513,0.3140161725067385,0.11614055985705778
144,2024,1721,184,0.10691458454386985,0.4898467635095877,0.3111545988258317,0.10923881464264962
144,2025,1780,153,0.08595505617977528,0.48364042134831364,0.3018134715025907,0.13258426966292136
145,2022,1645,172,0.10455927051671733,0.49642483282674804,0.30357142857142855,0.1148936170212766
145,2023,1731,188,0.10860774119006354,0.4753480704794921,0.3085036255767963,0.12362796071634893
145,2024,1679,168,0.10005955926146516,0.4808898153662896,0.29147078576225655,0.11316259678379988
145,2025,1689,181,0.10716400236826525,0.4902975902901129,0.3172043010752688,0.11900532859680284
146,2022,1750,160,0.09142857142857143,0.49366698285714333,0.31088082901554404,0.11771428571428572
146,2023,1681,154,0.09161213563355146,0.4879169066032129,0.29439252336448596,0.10886377156454491
146,2024,1694,167,0.09858323494687131,0.4852907969303423,0.285143237841439,0.11393152302243212
146,2025,1728,165,0.0954861111111111,0.4900863888888894,0.30111768573307035,0.11979166666666667
147,2022,1684,163,0.09679334916864608,0.47468225653206597,0.2944369063772049,0.12470308788598575
147,2023,1654,189,0.11426844014510278,0.48401983675937144,0.2998624484181568,0.12091898428053205
147,2024,1674,151,0.09020310633213859,0.47793635603345275,0.2877648667122351,0.1260454002389486
147,2025,1669,174,0.1042540443379269,0.48955713001797435,0.31846259437199725,0.12702216896345117
148,2022,1741,178,0.1022400919012062,0.48528413555427924,0.2977893368010403,0.11659965537047674
148,2023,1681,165,0.09815585960737656,0.49286854848304656,0.2959459459459459,0.11957168352171327
148,2024,1703,178,0.10452143276570758,0.49159590135055775,0.2963455149501661,0.11626541397533764
148,2025,1640,161,0.09817073170731708,0.48277218292682883,0.3198887343532684,0.12317073170731707
149,2022,1708,176,0.10304449648711944,0.505076012880562,0.2774834437086093,0.11592505854800937
149,2023,1643,168,0.10225197808886184,0.48992177723676256,0.30298818624044477,0.1241631162507608
149,2024,1740,206,0.11839080459770115,0.491440120689656,0.2857142857142857,0.11896551724137931
149,2025,1693,155,0.0915534554046072,0.4913900000000005,0.29388029589778075,0.12167749556999409
15,2022,1775,191,0.1076056338028169,0.48565123380281694,0.28469055374592833,0.1352112676056338
15,2023,1682,165,0.0980975029726516,0.46737563020214057,0.30335570469798656,0.11414982164090369
15,2024,1655,165,0.09969788519637462,0.49622684592145033,0.3020041465100207,0.1256797583081571
15,2025,1764,172,0.09750566893424037,0.4869552380952373,0.3044315992292871,0.11734693877551021
150,2022,1632,166,0.1017156862745098,0.49494960171568597,0.3002070393374741,0.11213235294117647
150,2023,1700,157,0.09235294117647058,0.48381493529411723,0.32099596231493943,0.12588235294117647
150,2024,1673,154,0.09205020920502092,0.4919043933054388,0.3120376597175521,0.11117752540346683
150,2025,1742,170,0.09758897818599312,0.48350749712973645,0.31758530183727035,0.1251435132032147
151,2022,1718,154,0.08963911525029103,0.4876997613504072,0.26996699669966995,0.11816065192083819
151,2023,1620,167,0.10308641975308643,0.4878289382716045,0.2943661971830986,0.12345679012345678
151,2024,1676,179,0.10680190930787589,0.48346107398568067,0.30040871934604907,0.12410501193317422
151,2025,1664,153,0.09194711538461539,0.4889914843750004,0.3007518796992481,0.12079326923076923
152,2022,1622,161,0.09926017262638717,0.4789061652281128,0.32821229050279327,0.11713933415536375
152,2023,1715,167,0.09737609329446065,0.5071132244897956,0.28741721854304636,0.119533527696793
152,2024,1691,156,0.09225310467179183,0.49385267888823203,0.29298941798941797,0.10585452395032525
152,2025,1732,176,0.10161662817551963,0.5047875115473436,0.31106745252128354,0.11836027713625866
153,2022,1630,146,0.08957055214723926,0.4867505092024546,0.2827151854443667,0.12331288343558282
153,2023,1670,153,0.09161676646706587,0.49331773053892186,0.2920892494929006,0.11437125748502994
153,2024,1732,184,0.10623556581986143,0.5060318013856809,0.29813264649066323,0.1033487297921478
153,2025,1706,150,0.08792497069167643,0.49433562133645903,0.3220899470899471,0.11371629542790153
154,2022,1679,159,0.09469922572960095,0.4777002680166762,0.3015241882041087,0.10125074449076832
154,2023,1753,168,0.09583571021106674,0.4847282544209924,0.3166449934980494,0.1226468910439247
154,2024,1700,157,0.09235294117647058,0.49028557647058785,0.3140551445864156,0.12529411764705883
154,2025,1658,156,0.09408926417370325,0.5123490591073588,0.3248626373626374,0.1218335343787696
155,2022,1665,190,0.11411411411411411,0.5024945465465462,0.3239917976760082,0.12132132132132133
155,2023,1665,173,0.1039039039039039,0.5010262582582573,0.3073825503355705,0.10510510510510511
155,2024,1677,174,0.1037567084078712,0.48751489564698897,0.28199863107460643,0.12880143112701253
155,2025,1689,158,0.09354647720544701,0.4865318058022503,0.2973701955495617,0.12196566015393724
156,2022,1635,173,0.10581039755351682,0.4932169051987773,0.30353430353430355,0.11743119266055047
156,2023,1669,171,0.1024565608148592,0.4874365488316361,0.31075418994413406,0.1420011983223487
156,2024,1637,154,0.09407452657299939,0.4993182467929135,0.3049203049203049,0.11850946854001222
156,2025,1633,149,0.09124311083894672,0.48873448867115704,0.31878958479943703,0.12982241273729334
157,2022,1713,163,0.09515469935785172,0.4987777641564506,0.2794214332675871,0.11208406304728546
157,2023,1674,186,0.1111111111111111,0.4796574372759853,0.29339686861810754,0.12246117084826762
157,2024,1706,168,0.0984759671746776,0.483757502930832,0.2874331550802139,0.123094958968347
157,2025,1672,170,0.10167464114832536,0.4690119497607656,0.2953929539295393,0.11722488038277512
158,2022,1730,209,0.12080924855491329,0.4915044104046247,0.30196078431372547,0.11560693641618497
158,2023,1662,159,0.09566787003610108,0.47488016847172104,0.3025152957171992,0.11492178098676294
158,2024,1754,179,0.10205245153933866,0.48353651083238336,0.30454254638515676,0.1088939566704675
158,2025,1711,161,0.09409701928696669,0.5007701052016361,0.3019116677653263,0.11338398597311514
159,2022,1708,175,0.10245901639344263,0.4937132142857139,0.3152972611890448,0.12353629976580796
159,2023,1682,155,0.09215219976218787,0.4812680142687275,0.29609321453050036,0.13258026159334127
159,2024,1652,160,0.09685230024213075,0.5006693644067792,0.28888888888888886,0.12832929782082325
159,2025,1656,153,0.09239130434782608,0.4872964190821259,0.28846153846153844,0.12077294685990338
16,2022,1800,172,0.09555555555555556,0.4938444999999996,0.28607755880483154,0.12611111111111112
16,2023,1713,157,0.09165207238762405,0.48930043782837185,0.30254350736278446,0.12784588441331
16,2024,1666,169,0.1014405762304922,0.4794187394957984,0.28929539295392953,0.11404561824729892
16,2025,1682,159,0.09453032104637336,0.4851190368608799,0.2747625508819539,0.12366230677764566
160,2022,1731,175,0.10109763142692085,0.4928975678798385,0.3116710875331565,0.1288272674754477
160,2023,1726,164,0.09501738122827347,0.4814298088064888,0.30192435301924353,0.126882966396292
160,2024,1746,193,0.11053837342497136,0.4980433963344793,0.3002594033722438,0.11683848797250859
160,2025,1711,175,0.10227936879018118,0.48860348918760943,0.31949095780308107,0.12741087083576855
161,2022,1685,164,0.0973293768545994,0.48375665875370877,0.2971698113207547,0.11928783382789318
161,2023,1686,179,0.10616844602609728,0.485493511269276,0.29599456890699255,0.12633451957295375
161,2024,1638,187,0.11416361416361416,0.495464163614164,0.28700486448922863,0.12148962148962149
161,2025,1749,168,0.09605488850771869,0.5043047398513433,0.3002594033722438,0.1183533447684391
162,2022,1719,203,0.11809191390343222,0.5005846247818494,0.30400525279054497,0.1140197789412449
162,2023,1659,181,0.10910186859553948,0.4997672513562381,0.30218281036834926,0.11633514165159735
162,2024,1693,172,0.10159480212640283,0.48277667454223355,0.2971352431712192,0.11340815121086828
162,2025,1728,191,0.11053240740740741,0.494842586805555,0.2981987991994663,0.13252314814814814
163,2022,1717,172,0.10017472335468841,0.4766594758299365,0.2941952506596306,0.11706464764123471
163,2023,1671,169,0.10113704368641532,0.4814871214841417,0.28804347826086957,0.11909036505086774
163,2024,1672,166,0.09928229665071771,0.5023094318181823,0.3002001334222815,0.1034688995215311
163,2025,1665,185,0.1111111111111111,0.490215039039039,0.30020422055820284,0.11771771771771772
164,2022,1720,161,0.0936046511627907,0.47895146511627884,0.3055925432756325,0.12674418604651164
164,2023,1677,162,0.09660107334525939,0.4808845020870604,0.3061778682959946,0.12164579606440072
164,2024,1723,185,0.1073708647707487,0.4921587753917583,0.310641110376735,0.12188044109112015
164,2025,1697,157,0.09251620506776664,0.49004954625810293,0.30026990553306343,0.126694166175604
165,2022,1806,183,0.10132890365448505,0.4905758637873753,0.30404551201011376,0.12403100775193798
165,2023,1709,152,0.08894090111176127,0.47894272088940887,0.29617414248021107,0.11293153891164423
165,2024,1701,171,0.10052910052910052,0.4821088418577307,0.3185378590078329,0.0993533215755438
165,2025,1716,162,0.0944055944055944,0.497088292540792,0.2885506287227002,0.11946386946386946
166,2022,1729,166,0.09600925390399075,0.49519041064199015,0.3013698630136986,0.11336032388663968
166,2023,1724,171,0.09918793503480279,0.4797040139211136,0.30684039087947884,0.10962877030162413
166,2024,1673,166,0.09922295277943813,0.49674768081291154,0.3272849462365591,0.11057979677226538
166,2025,1702,179,0.10517038777908343,0.49704943595769757,0.30789302022178733,0.09929494712103408
167,2022,1693,158,0.09332545776727702,0.5034642528056705,0.3210208193418402,0.12049616066154754
167,2023,1705,190,0.11143695014662756,0.4851538181818184,0.2931726907630522,0.12375366568914956
167,2024,1696,158,0.09316037735849056,0.4877933254716984,0.30581867388362655,0.12853773584905662
167,2025,1714,182,0.10618436406067679,0.49381571178529793,0.31754503002001333,0.12543757292882146
168,2022,1688,184,0.10900473933649289,0.4854753021327013,0.28863172226004086,0.129739336492891
168,2023,1714,168,0.09801633605600933,0.48078626021003507,0.29240924092409243,0.1161026837806301
168,2024,1687,165,0.0978067575577949,0.4992289508002365,0.3030913978494624,0.11796087729697688
168,2025,1723,181,0.10504933255948927,0.49385824143935037,0.3032514930325149,0.1253627394080093
169,2022,1738,183,0.10529344073647871,0.49286336593785884,0.3069828722002635,0.12658227848101267
169,2023,1712,172,0.10046728971962617,0.4917111507009351,0.29980013324450366,0.12324766355140188
169,2024,1701,175,0.102880658436214,0.4878638447971779,0.32281879194630875,0.12404467960023516
169,2025,1658,178,0.10735826296743065,0.500404451145959,0.308914996544575,0.1272617611580217
17,2022,1701,155,0.09112286890064668,0.49217705467372164,0.29602649006622517,0.11228689006466784
17,2023,1810,188,0.10386740331491713,0.4959777624309389,0.29962311557788945,0.12044198895027625
17,2024,1656,172,0.10386473429951691,0.5008452536231889,0.3083791208791209,0.12077294685990338
17,2025,1621,174,0.10734114743985194,0.480796847624923,0.2988103568929321,0.11844540407156076
170,2022,1756,178,0.10136674259681093,0.4816733712984051,0.3016181229773463,0.12015945330296128
170,2023,1719,165,0.09598603839441536,0.49509079697498537,0.3060951105157401,0.1314717859220477
170,2024,1751,163,0.0930896630496859,0.49789421473443696,0.2855288773523686,0.11993146773272416
170,2025,1738,159,0.09148446490218642,0.4887407192174918,0.3013788575180565,0.1237054085155351
171,2022,1681,177,0.10529446757882213,0.49557592504461645,0.32843791722296395,0.10886377156454491
171,2023,1724,166,0.0962877030162413,0.4708162180974479,0.2943894389438944,0.12122969837587007
171,2024,1765,177,0.10028328611898017,0.48716859490085024,0.30541237113402064,0.1206798866855524
171,2025,1741,173,0.0993681792073521,0.4956216542217116,0.29434697855750486,0.11602527283170591
172,2022,1719,162,0.09424083769633508,0.46739933100639935,0.2893869479235333,0.11751018033740547
172,2023,1673,156,0.09324566646742379,0.4785771368798572,0.29155313351498635,0.12253436939629408
172,2024,1762,150,0.0851305334846765,0.49216534052213406,0.30825082508250823,0.14018161180476732
172,2025,1710,165,0.09649122807017543,0.483549251461988,0.30474934036939316,0.11345029239766082
173,2022,1660,179,0.10783132530120482,0.49300828313252953,0.2923497267759563,0.1180722891566265
173,2023,1761,180,0.10221465076660988,0.4801477342419082,0.313953488372093,0.12095400340715502
173,2024,1655,157,0.09486404833836858,0.4857188157099703,0.3111720356408499,0.11842900302114803
173,2025,1688,172,0.1018957345971564,0.49265351895734666,0.2878479293957909,0.1273696682464455
174,2022,1663,167,0.10042092603728202,0.48504704750450955,0.3151432469304229,0.11846061334936861
174,2023,1731,163,0.09416522241478914,0.48348326978625106,0.2952755905511811,0.1195840554592721
174,2024,1788,206,0.11521252796420582,0.47694053691275134,0.27879169288860917,0.11129753914988814
174,2025,1643,172,0.1046865489957395,0.4920958247108945,0.2920353982300885,0.10590383444917834
175,2022,1660,160,0.0963855421686747,0.4883742530120478,0.3127962085308057,0.11024096385542169
175,2023,1675,175,0.1044776119402985,0.49600125373134296,0.3089430894308943,0.11880597014925373
175,2024,1714,167,0.09743290548424738,0.48027215285881014,0.3064195896757114,0.11843640606767794
175,2025,1597,143,0.08954289292423294,0.4856497996242956,0.2816411682892907,0.09956167814652474
176,2022,1731,181,0.10456383593298671,0.4790347313691513,0.31389252948885976,0.11842865395725015
176,2023,1638,143,0.0873015873015873,0.47158153235653216,0.2988904299583911,0.11965811965811966
176,2024,1671,156,0.0933572710951526,0.48309413524835404,0.3125,0.10951526032315978
176,2025,1739,166,0.09545715928694652,0.4782692696952275,0.29571984435797666,0.11328349626221966
177,2022,1710,169,0.09883040935672514,0.4815391637426902,0.3204013377926421,0.12573099415204678
177,2023,1656,154,0.0929951690821256,0.4956444504830922,0.30826558265582654,0.10869565217391304
177,2024,1669,162,0.09706411024565609,0.48115063511084527,0.30542210020590255,0.12702216896345117
177,2025,1642,153,0.09317904993909866,0.48191648599269227,0.3081761006289308,0.1285018270401949
178,2022,1749,191,0.10920526014865638,0.48367482561463737,0.29546904913848115,0.10405946255002858
178,2023,1610,152,0.09440993788819876,0.4788295900621112,0.29560201874549386,0.13850931677018632
178,2024,1684,157,0.09323040380047506,0.492393818289786,0.31266846361185985,0.1187648456057007
178,2025,1695,170,0.10029498525073746,0.48833282005899703,0.3074346952444742,0.1191740412979351
179,2022,1639,162,0.09884075655887736,0.48041423428920066,0.28336755646817247,0.10860280658938377
179,2023,1639,159,0.09701037217815742,0.47408292251372736,0.2874576271186441,0.10006101281269067
179,2024,1682,178,0.10582639714625446,0.4673362128418554,0.30680272108843537,0.12604042806183116
179,2025,1749,164,0.09376786735277301,0.49859745568896535,0.2809863724853991,0.11892510005717553
18,2022,1767,188,0.10639501980758348,0.48794458970005683,0.28525434642627173,0.1211092246745897
18,2023,1648,179,0.10861650485436893,0.5052992597087377,0.29146757679180885,0.11104368932038836
18,2024,1728,192,0.1111111111111111,0.4873651215277772,0.3042622950819672,0.11747685185185185
18,2025,1581,151,0.09550917141049968,0.5037318659076527,0.306966618287373,0.1283997469955724
180,2022,1763,189,0.10720363017583664,0.4971451900170172,0.28753993610223644,0.11230856494611458
180,2023,1756,183,0.10421412300683372,0.5041008143507976,0.2987012987012987,0.12300683371298406
180,2024,1699,152,0.0894643908181283,0.4892943437316065,0.2965931863727455,0.1188934667451442
180,2025,1741,184,0.10568638713383113,0.49378245835726564,0.3090322580645161,0.10970706490522689
181,2022,1608,140,0.08706467661691543,0.474882251243781,0.2834149755073478,0.11131840796019901
181,2023,1730,159,0.09190751445086705,0.4970639537572248,0.3188405797101449,0.12254335260115606
181,2024,1693,183,0.10809214412285884,0.4950068635558185,0.28968792401628224,0.12935617247489664
181,2025,1680,168,0.1,0.49469196428571405,0.31593038821954483,0.11071428571428571
182,2022,1690,167,0.09881656804733728,0.4740220946745569,0.3018867924528302,0.12189349112426036
182,2023,1665,177,0.1063063063063063,0.4904123843843843,0.2885135135135135,0.1111111111111111
182,2024,1735,170,0.09798270893371758,0.5056028242074934,0.3249835201054713,0.1256484149855908
182,2025,1732,180,0.10392609699769054,0.48064519630485,0.27828348504551365,0.11200923787528869
183,2022,1734,164,0.09457900807381776,0.4896131430219145,0.2928104575163399,0.11764705882352941
183,2023,1762,206,0.11691259931895573,0.49615010215663974,0.3009079118028534,0.12485811577752554
183,2024,1639,190,0.11592434411226357,0.5041104514948139,0.3204951856946355,0.11287370347773032
183,2025,1722,174,0.10104529616724739,0.49782058072009283,0.2925257731958763,0.09872241579558652
184,2022,1689,191,0.11308466548253404,0.5045360213143878,0.28914057295136575,0.11130846654825341
184,2023,1633,163,0.0998162890385793,0.48535303735456214,0.30565247732030704,0.1224739742804654
184,2024,1674,167,0.09976105137395459,0.48744677419354865,0.2627235213204952,0.13142174432497014
184,2025,1736,194,0.11175115207373272,0.494854994239632,0.32276843467011646,0.10944700460829493
185,2022,1706,149,0.0873388042203986,0.4855442555685815,0.3134920634920635,0.11371629542790153
185,2023,1648,180,0.10922330097087378,0.4870989987864073,0.29965635738831614,0.1171116504854369
185,2024,1744,174,0.09977064220183486,0.48296053325688054,0.30844155844155846,0.11697247706422019
185,2025,1697,179,0.10548025928108426,0.4918396228638773,0.2976588628762542,0.11903358868591632
186,2022,1743,172,0.09868043602983362,0.48941753872633353,0.3056456846203764,0.11589213998852553
186,2023,1785,192,0.10756302521008404,0.5084049803921571,0.305537873965627,0.11988795518207283
186,2024,1681,165,0.09815585960737656,0.48231502082094,0.28914057295136575,0.10707911957168352
186,2025,1611,152,0.09435133457479826,0.4733163687150842,0.3044397463002114,0.1191806331471136
187,2022,1641,163,0.09932967702620353,0.5026420170627662,0.3030513176144244,0.12126751980499695
187,2023,1650,164,0.0993939393939394,0.48045064242424307,0.2904335856847901,0.1193939393939394
187,2024,1652,176,0.10653753026634383,0.4932746549636802,0.3041095890410959,0.1162227602905569
187,2025,1690,169,0.1,0.48969356804733666,0.299931833674165,0.1319526627218935
188,2022,1677,176,0.10494931425163984,0.4899792426952888,0.305858310626703,0.12462731067382231
188,2023,1719,187,0.10878417684700407,0.5053223676556134,0.2931937172774869,0.1111111111111111
188,2024,1725,192,0.11130434782608696,0.4931095884057978,0.306282722513089,0.11420289855072464
188,2025,1700,162,0.09529411764705882,0.4892621411764703,0.2922868741542625,0.13058823529411764
189,2022,1727,154,0.08917197452229299,0.4887162304574413,0.3012442698100851,0.11580775911986103
189,2023,1667,164,0.09838032393521295,0.47608790641871646,0.2817379497623897,0.11637672465506899
189,2024,1620,165,0.10185185185185185,0.4969357222222226,0.3212250712250712,0.13333333333333333
189,2025,1669,156,0.09346914319952067,0.5063017855002998,0.2868796736913664,0.11863391252246855
19,2022,1601,184,0.11492816989381636,0.4933330168644605,0.28225231646471843,0.12367270455965022
19,2023,1716,188,0.10955710955710955,0.4952017482517484,0.3000674308833446,0.1357808857808858
19,2024,1664,157,0.09435096153846154,0.49656968149038444,0.3064182194616977,0.12920673076923078
19,2025,1738,181,0.10414269275028769,0.4925198101265819,0.2899022801302932,0.11680092059838895
190,2022,1739,156,0.08970672800460035,0.495898102357677,0.2814526588845655,0.11328349626221966
190,2023,1738,167,0.09608745684695051,0.4912506731875713,0.30085022890778285,0.12025316455696203
190,2024,1678,179,0.1066746126340882,0.4821044994040519,0.3011250827266711,0.09952324195470799
190,2025,1664,156,0.09375,0.49366868389423146,0.29698216735253774,0.12379807692307693
191,2022,1685,165,0.09792284866468842,0.48533399406528177,0.30529172320217096,0.12522255192878337
191,2023,1651,146,0.08843125378558449,0.47374162931556624,0.32145305003427005,0.11629315566323441
191,2024,1721,183,0.1063335270191749,0.4895107088901807,0.3177014531043593,0.12027890761185357
191,2025,1722,180,0.10452961672473868,0.4954095238095238,0.3019867549668874,0.12311265969802555
192,2022,1650,163,0.09878787878787879,0.49412550909090924,0.3087525844245348,0.1206060606060606
192,2023,1658,167,0.10072376357056695,0.48250873341375095,0.3152909336941813,0.10856453558504221
192,2024,1736,176,0.10138248847926268,0.4902838479262668,0.3014848289218851,0.1077188940092166
192,2025,1597,194,0.12147777082028804,0.49236864746399533,0.2875536480686695,0.12460864120225423
193,2022,1603,158,0.09856519026824703,0.49230633187772943,0.30518097941802697,0.12102308172177167
193,2023,1615,159,0.09845201238390093,0.48534982662538756,0.30061770761839396,0.0978328173374613
193,2024,1768,198,0.11199095022624435,0.4905194852941171,0.3031674208144796,0.125
193,2025,1723,162,0.09402205455600697,0.5002037144515387,0.2981651376146789,0.114335461404527
194,2022,1654,158,0.09552599758162031,0.4935266384522365,0.2878684030157642,0.11789600967351874
194,2023,1661,171,0.10295003010234799,0.48562883804936824,0.2683093771389459,0.12040939193257075
194,2024,1754,180,0.10262257696693272,0.4923255929304443,0.3066494512588767,0.1168757126567845
194,2025,1691,179,0.10585452395032525,0.5081419692489646,0.3077956989247312,0.12004730928444707
195,2022,1698,152,0.0895170789163722,0.49323593050647857,0.3141891891891892,0.12838633686690223
195,2023,1668,166,0.09952038369304557,0.50295631294964,0.291268758526603,0.1211031175059952
195,2024,1679,174,0.10363311494937463,0.4886100297796304,0.3067484662576687,0.1262656343061346
195,2025,1641,156,0.09506398537477148,0.4887236319317491,0.3061797752808989,0.13223644119439365
196,2022,1668,178,0.10671462829736211,0.48002445443645103,0.3062755798090041,0.1211031175059952
196,2023,1705,163,0.09560117302052785,0.4998295777126104,0.2899131596526386,0.1219941348973607
196,2024,1728,173,0.10011574074074074,0.49057800347222197,0.2980263157894737,0.12037037037037036
196,2025,1751,181,0.10336950314106225,0.4922513420902334,0.29922779922779924,0.11250713877784123
197,2022,1761,194,0.11016467915956843,0.49031053378762013,0.2926208651399491,0.10732538330494037
197,2023,1707,180,0.1054481546572935,0.4781892384299947,0.308411214953271,0.12243702401874634
197,2024,1680,155,0.09226190476190477,0.47981636904761876,0.30707070707070705,0.11607142857142858
197,2025,1628,169,0.1038083538083538,0.49410690417690406,0.31179775280898875,0.12530712530712532
198,2022,1590,159,0.1,0.47727520125786177,0.31628242074927954,0.1270440251572327
198,2023,1733,167,0.09636468551644548,0.4818389267166765,0.3088042049934297,0.12175418349682632
198,2024,1634,155,0.094859241126071,0.48670608323133374,0.31280962491153574,0.13525091799265607
198,2025,1691,172,0.1017149615612064,0.4945041573033708,0.3015006821282401,0.13305736250739209
199,2022,1652,175,0.1059322033898305,0.4815165375302663,0.30859106529209623,0.11924939467312348
199,2023,1693,162,0.09568812758417011,0.49085650324867075,0.30660377358490565,0.12344949793266391
199,2024,1732,191,0.11027713625866051,0.49229770785219373,0.3106860158311346,0.12471131639722864
199,2025,1731,200,0.11554015020219527,0.49944416522241436,0.315339038841343,0.12247255921432698
2,2022,1762,196,0.1112372304199773,0.5014131044267884,0.296248382923674,0.12258796821793416
2,2023,1637,156,0.09529627367135003,0.48012902871105617,0.3138075313807531,0.1240073304825901
2,2024,1776,185,0.10416666666666667,0.4862041666666665,0.2924951892238615,0.12218468468468469
2,2025,1686,159,0.09430604982206406,0.49151792408066414,0.31799729364005414,0.12336892052194544
20,2022,1770,179,0.10112994350282486,0.49380936158192074,0.2861736334405145,0.12146892655367232
20,2023,1687,174,0.10314167160640189,0.4815431179608768,0.2878479293957909,0.12685240071132187
20,2024,1737,171,0.09844559585492228,0.49060388025331064,0.28969539857420606,0.11168681635002879
20,2025,1746,168,0.09621993127147767,0.4806928293241692,0.3162393162393162,0.12886597938144329
200,2022,1720,198,0.11511627906976744,0.4939812151162791,0.2881692002643754,0.12034883720930233
200,2023,1678,178,0.10607866507747318,0.4981611740166862,0.2848443843031123,0.11918951132300358
200,2024,1722,198,0.11498257839721254,0.49877743902439015,0.3078457446808511,0.12659698025551683
200,2025,1705,180,0.10557184750733138,0.4784853079178887,0.3029100529100529,0.11319648093841642
201,2022,1694,169,0.09976387249114523,0.4896323376623373,0.312625250501002,0.11629279811097992
201,2023,1671,172,0.10293237582286056,0.4932276301615796,0.3202702702702703,0.11430281268701377
201,2024,1667,169,0.10137972405518897,0.498625188962207,0.3048200950441276,0.11637672465506899
201,2025,1652,152,0.09200968523002422,0.47420309927360754,0.326962457337884,0.11319612590799032
202,2022,1720,183,0.1063953488372093,0.48933504069767436,0.3025879230258792,0.12383720930232558
202,2023,1742,188,0.1079219288174512,0.4846048277841559,0.28561961563949634,0.13375430539609645
202,2024,1684,157,0.09323040380047506,0.4855812707838481,0.29668874172185433,0.10332541567695962
202,2025,1767,174,0.09847198641765705,0.4808394001131868,0.3039533376539209,0.12676853423882287
203,2022,1675,171,0.10208955223880598,0.4802345074626865,0.30831643002028397,0.11701492537313433
203,2023,1645,178,0.10820668693009118,0.4847865349544076,0.2972972972972973,0.10030395136778116
203,2024,1659,156,0.09403254972875226,0.4961535382760694,0.282863041982106,0.12417118746232671
203,2025,1689,168,0.0994671403197158,0.4890213380698632,0.28887399463806973,0.11663706335109532
204,2022,1633,153,0.09369259032455603,0.48561631353337464,0.29833101529902645,0.11941212492345377
204,2023,1691,129,0.07628622117090479,0.47825023654642257,0.29514824797843664,0.12241277350680072
204,2024,1748,182,0.10411899313501144,0.503905383295195,0.30342156229825695,0.11384439359267734
204,2025,1677,170,0.10137149672033392,0.48199003577817495,0.29891304347826086,0.12224209898628503
205,2022,1645,177,0.10759878419452888,0.485486638297872,0.31301939058171746,0.12218844984802432
205,2023,1689,176,0.10420367081113084,0.4942316104203668,0.3195945945945946,0.12374185908821789
205,2024,1732,202,0.11662817551963048,0.49758356812933086,0.3066754791804362,0.1264434180138568
205,2025,1697,192,0.11314083677077195,0.4979943488509138,0.3089812332439678,0.12080141426045964
206,2022,1715,161,0.09387755102040816,0.49647660641399466,0.3011250827266711,0.11895043731778426
206,2023,1740,187,0.1074712643678161,0.4942574367816099,0.2983028720626632,0.11954022988505747
206,2024,1686,176,0.10438908659549229,0.49820237247924126,0.28879892037786775,0.12099644128113879
206,2025,1805,172,0.09529085872576178,0.4862627146814409,0.2969735182849937,0.12132963988919668
207,2022,1728,194,0.11226851851851852,0.49318282986111167,0.30946123521681995,0.11921296296296297
207,2023,1716,174,0.10139860139860139,0.49151674825174785,0.2924847664184157,0.13927738927738928
207,2024,1727,163,0.09438332368268675,0.48957415749855193,0.2914210870988867,0.11580775911986103
207,2025,1624,161,0.09913793103448276,0.4965564593596056,0.31210191082802546,0.12992610837438423
208,2022,1728,169,0.09780092592592593,0.5112968518518523,0.316688567674113,0.11921296296296297
208,2023,1683,169,0.10041592394533572,0.4903591027926323,0.2892392049348869,0.13309566250742721
208,2024,1718,171,0.09953434225844005,0.4835029569266584,0.281624500665779,0.12572759022118743
208,2025,1703,151,0.08866705813270699,0.4909788314738695,0.3118279569892473,0.1262477980035232
209,2022,1703,155,0.091015854374633,0.47795278332354657,0.28494983277591973,0.12213740458015267
209,2023,1663,161,0.0968129885748647,0.48754340950090147,0.31928127159640635,0.12988574864702346
209,2024,1686,169,0.10023724792408066,0.5090207532621595,0.29395973154362415,0.1162514827995255
209,2025,1680,182,0.10833333333333334,0.4893552202380957,0.30659415363698167,0.1244047619047619
21,2022,1636,160,0.097799511002445,0.5129687408312965,0.2927864214992928,0.1356968215158924
21,2023,1741,162,0.09304997128087306,0.48581441125789837,0.2848684210526316,0.12693854106835153
21,2024,1763,170,0.09642654566080544,0.4887018547929657,0.3060179257362356,0.11401020986954055
21,2025,1676,161,0.09606205250596658,0.4945515155131266,0.3099062918340027,0.10859188544152745
210,2022,1661,166,0.09993979530403371,0.4979819205298016,0.2865013774104683,0.12582781456953643
210,2023,1704,163,0.09565727699530517,0.5002089436619716,0.2907991940899933,0.12617370892018778
210,2024,1671,184,0.11011370436864153,0.4803318491921007,0.3117326057298772,0.12268102932375823
210,2025,1661,164,0.09873570138470801,0.49039230583985577,0.30102389078498293,0.11800120409391933
211,2022,1725,175,0.10144927536231885,0.49071496811594195,0.2940793754066363,0.10898550724637682
211,2023,1673,165,0.0986252241482367,0.4990374955170347,0.2959671907040328,0.12552301255230125
211,2024,1726,175,0.10139049826187717,0.481391940903824,0.2819672131147541,0.11645422943221322
211,2025,1691,167,0.09875813128326434,0.49451608515671225,0.29012760241773,0.11945594322885866
212,2022,1678,177,0.10548271752085817,0.4845518772348037,0.2997946611909651,0.1293206197854589
212,2023,1693,167,0.09864146485528648,0.482679929119905,0.3168918918918919,0.125812167749557
212,2024,1703,155,0.091015854374633,0.4937885026423962,0.2967479674796748,0.13329418672930124
212,2025,1734,173,0.09976931949250288,0.495504059976932,0.2854330708661417,0.12110726643598616
213,2022,1656,171,0.10326086956521739,0.47867536835748764,0.3037889039242219,0.10748792270531402
213,2023,1776,182,0.10247747747747747,0.474386345720721,0.31889516635279347,0.10304054054054054
213,2024,1656,166,0.10024154589371981,0.4878622644927542,0.30542210020590255,0.12016908212560387
213,2025,1661,156,0.09391932570740517,0.4993394400963268,0.3149552033080634,0.12642986152919927
214,2022,1639,175,0.10677242220866381,0.49798661989017645,0.2859106529209622,0.11226357535082367
214,2023,1701,144,0.08465608465608465,0.4809728218694884,0.3058510638297872,0.11581422692533803
214,2024,1655,164,0.09909365558912386,0.5011969848942597,0.32118294360385147,0.12145015105740181
214,2025,1600,162,0.10125,0.46904290625000045,0.2988668555240793,0.1175
215,2022,1735,167,0.0962536023054755,0.5020418847262246,0.2884238064094179,0.11873198847262248
215,2023,1701,154,0.09053497942386832,0.5049347854203416,0.2944332662642522,0.12345679012345678
215,2024,1709,184,0.10766530134581627,0.5039128262141596,0.28704318936877077,0.11936805149210064
215,2025,1764,176,0.09977324263038549,0.4859592176870752,0.2931366260423348,0.11621315192743764
216,2022,1774,179,0.10090191657271702,0.495758038331454,0.2786675208199872,0.12006764374295378
216,2023,1716,179,0.10431235431235432,0.4889383857808852,0.288135593220339,0.14044289044289043
216,2024,1741,185,0.10626076967260195,0.49049572659391133,0.2848911651728553,0.10281447443997703
216,2025,1726,186,0.10776361529548088,0.4908334994206265,0.2973878097789685,0.13499420625724218
217,2022,1635,152,0.09296636085626911,0.49275465443425126,0.2869022869022869,0.11743119266055047
217,2023,1719,185,0.10762070971495055,0.4960895578824904,0.2971352431712192,0.12681791739383363
217,2024,1739,173,0.09948246118458884,0.4725946578493385,0.29726205997392435,0.1178838412880966
217,2025,1803,183,0.10149750415973377,0.49919465890183085,0.29936305732484075,0.12922906267332224
218,2022,1742,156,0.08955223880597014,0.497525516647531,0.3001962066710268,0.12227324913892078
218,2023,1662,156,0.09386281588447654,0.49018824909747283,0.3014256619144603,0.11371841155234658
218,2024,1653,179,0.10828796128251664,0.48522402298850614,0.29254955570745045,0.11494252873563218
218,2025,1667,164,0.09838032393521295,0.4911855908818242,0.31018206338503035,0.11037792441511697
219,2022,1664,183,0.10997596153846154,0.48089570312499996,0.32057416267942584,0.12079326923076923
219,2023,1649,179,0.10855063674954518,0.48183058217101277,0.3059548254620123,0.11400848999393572
219,2024,1744,168,0.0963302752293578,0.4922367717889904,0.2971576227390181,0.11238532110091744
219,2025,1699,185,0.1088875809299588,0.4804384167157157,0.28814669286182054,0.10123602118893467
22,2022,1673,166,0.09922295277943813,0.504405457262403,0.2976109215017065,0.12432755528989839
22,2023,1705,187,0.10967741935483871,0.49288575953079194,0.2809587217043941,0.11906158357771261
22,2024,1611,172,0.10676598386095593,0.5009984854127864,0.3044712562100781,0.12538795779019243
22,2025,1697,148,0.08721272834413671,0.48605457866823837,0.29646902065289804,0.1154979375368297
220,2022,1712,170,0.09929906542056074,0.49563527453271056,0.29326287978863935,0.11565420560747663
220,2023,1753,176,0.10039931545921278,0.48838724472333195,0.2865421764327109,0.11409013120365089
220,2024,1740,190,0.10919540229885058,0.49720362643678145,0.31286740692357934,0.12011494252873563
220,2025,1638,164,0.10012210012210013,0.4748598901098896,0.30919220055710306,0.12332112332112333
221,2022,1673,154,0.09205020920502092,0.489847615062762,0.31018206338503035,0.11356843992827256
221,2023,1725,185,0.1072463768115942,0.49080002318840554,0.2889908256880734,0.11536231884057971
221,2024,1740,162,0.09310344827586207,0.4909032528735627,0.2910737386804657,0.11149425287356322
221,2025,1716,174,0.10139860139860139,0.4868112529137527,0.29662162162162165,0.13752913752913754
222,2022,1705,179,0.10498533724340176,0.5011559120234598,0.29462508294625084,0.11612903225806452
222,2023,1705,161,0.09442815249266862,0.48076099120234567,0.3152972611890448,0.1219941348973607
222,2024,1676,178,0.10620525059665871,0.47500016706443987,0.2903225806451613,0.13066825775656324
222,2025,1690,174,0.10295857988165681,0.4855047100591714,0.3008672448298866,0.11301775147928994
223,2022,1655,155,0.09365558912386707,0.4892591419939582,0.33515358361774744,0.1148036253776435
223,2023,1682,173,0.1028537455410226,0.48911115933412647,0.3167660702451955,0.1028537455410226
223,2024,1725,189,0.10956521739130434,0.48279106666666627,0.28608752449379493,0.11246376811594203
223,2025,1722,175,0.1016260162601626,0.4963762775842039,0.3038563829787234,0.12659698025551683
224,2022,1696,172,0.10141509433962265,0.5008917334905665,0.2907608695652174,0.1320754716981132
224,2023,1686,171,0.10142348754448399,0.4928583689205214,0.30093833780160856,0.11506524317912219
224,2024,1720,170,0.09883720930232558,0.48872574418604603,0.2675496688741722,0.12209302325581395
224,2025,1626,178,0.10947109471094711,0.4755573001230013,0.30694444444444446,0.11439114391143912
225,2022,1781,164,0.09208309938236946,0.4848379674340265,0.31401273885350317,0.1184727681078046
225,2023,1694,166,0.09799291617473435,0.48852957497048366,0.30733333333333335,0.11452184179456906
225,2024,1709,172,0.10064365125804564,0.49123379169104725,0.2972611890447562,0.1240491515506144
225,2025,1678,146,0.08700834326579261,0.4852677949940404,0.28133514986376024,0.12514898688915377
226,2022,1705,185,0.10850439882697947,0.4890666392961878,0.3069641649763354,0.13255131964809383
226,2023,1620,147,0.09074074074074075,0.47555542592592587,0.30313588850174217,0.11419753086419752
226,2024,1683,175,0.10398098633392751,0.48520444444444455,0.30067567567567566,0.12061794414735591
226,2025,1692,162,0.09574468085106383,0.4798993676122928,0.3147896879240163,0.1288416075650118
227,2022,1662,146,0.08784596871239471,0.47868324909747273,0.29218106995884774,0.12274368231046931
227,2023,1675,160,0.0955223880597015,0.49365359402985115,0.30364372469635625,0.11522388059701492
227,2024,1678,158,0.09415971394517282,0.4837446543504173,0.29842573579739906,0.1293206197854589
227,2025,1675,162,0.09671641791044776,0.4931949074626861,0.29836512261580383,0.1235820895522388
228,2022,1675,175,0.1044776119402985,0.4872418029850752,0.2968005445881552,0.12298507462686567
228,2023,1675,194,0.11582089552238806,0.48689888955223903,0.32133152173913043,0.12119402985074627
228,2024,1659,152,0.0916214587100663,0.4950135744424347,0.2995202193283071,0.12055455093429777
228,2025,1674,150,0.08960573476702509,0.4801146893667859,0.29850746268656714,0.11947431302270012
229,2022,1584,166,0.10479797979797979,0.5056801830808081,0.2994269340974212,0.11868686868686869
229,2023,1697,168,0.09899823217442545,0.48346579257513245,0.2986666666666667,0.11608721272834413
229,2024,1671,166,0.09934171154997008,0.49196021543985624,0.3106267029972752,0.12148414123279473
229,2025,1720,178,0.10348837209302325,0.4868438197674422,0.2735723771580345,0.12441860465116279
23,2022,1823,183,0.10038398244651674,0.4893195117937462,0.30372670807453417,0.11684037301151948
23,2023,1698,164,0.09658421672555949,0.4921869552414609,0.293687707641196,0.11366313309776208
23,2024,1627,146,0.08973570989551322,0.4848523232944076,0.2865979381443299,0.1057160417947142
23,2025,1750,185,0.10571428571428572,0.4903971542857137,0.3096942094990241,0.12171428571428572
230,2022,1733,177,0.10213502596653203,0.4987569532602419,0.3021724818959842,0.12348528563185228
230,2023,1728,161,0.0931712962962963,0.4808803703703703,0.31201044386422977,0.11342592592592593
230,2024,1607,153,0.09520846297448662,0.5051076353453638,0.3053808525506639,0.10952084629744867
230,2025,1681,170,0.10113027959547888,0.4919018203450325,0.29878048780487804,0.12195121951219512
231,2022,1637,153,0.09346365302382406,0.4888549541844842,0.29874651810584957,0.12278558338423946
231,2023,1692,158,0.0933806146572104,0.491261081560284,0.3148273527420447,0.12706855791962174
231,2024,1642,171,0.10414129110840438,0.4939144457978079,0.2884882108183079,0.1218026796589525
231,2025,1770,182,0.10282485875706214,0.4941218418079096,0.2892670157068063,0.1367231638418079
232,2022,1734,173,0.09976931949250288,0.49174790080738245,0.2863756613756614,0.12802768166089964
232,2023,1666,155,0.09303721488595439,0.48907883553421405,0.2978723404255319,0.12545018007202882
232,2024,1639,162,0.09884075655887736,0.48801093959731495,0.3146223146223146,0.11958511287370348
232,2025,1691,152,0.0898876404494382,0.5077792903607334,0.3177822853279243,0.12536960378474277
233,2022,1696,161,0.09492924528301887,0.4871815153301882,0.3089700996677741,0.11261792452830188
233,2023,1716,164,0.09557109557109557,0.4913172144522139,0.32317880794701986,0.12004662004662005
233,2024,1733,178,0.10271206001154068,0.4928574956722444,0.3104359313077939,0.12637045585689555
233,2025,1666,152,0.09123649459783914,0.49557003601440514,0.2931618144888287,0.1134453781512605
234,2022,1731,179,0.10340843443096476,0.5004606759098784,0.3142292490118577,0.12305025996533796
234,2023,1641,141,0.08592321755027423,0.4975033698964049,0.31690622861054074,0.10968921389396709
234,2024,1755,164,0.09344729344729345,0.47551931054131097,0.3093851132686084,0.11965811965811966
234,2025,1720,195,0.11337209302325581,0.491728686046511,0.27848101265822783,0.12732558139534883
235,2022,1694,199,0.11747343565525384,0.47536048996458113,0.3016949152542373,0.1292798110979929
235,2023,1710,179,0.10467836257309941,0.4869488538011695,0.2914210870988867,0.10701754385964912
235,2024,1717,166,0.09668025626092021,0.47611020966802486,0.3021108179419525,0.11706464764123471
235,2025,1675,155,0.09253731343283582,0.48620420298507433,0.28445945945945944,0.11641791044776119
236,2022,1756,174,0.09908883826879271,0.4881145102505696,0.27226137091607944,0.11104783599088838
236,2023,1714,165,0.09626604434072346,0.49374184364060647,0.2938041305796136,0.12427071178529756
236,2024,1699,163,0.0959387875220718,0.49678200706297826,0.3096514745308311,0.12183637433784579
236,2025,1731,188,0.10860774119006354,0.48278462160600755,0.3095709570957096,0.12478336221837089
237,2022,1597,142,0.08891671884783969,0.4796982529743266,0.31802120141342755,0.11396368190356919
237,2023,1678,172,0.10250297973778308,0.4974640107270558,0.29094540612516645,0.10488676996424315
237,2024,1735,161,0.09279538904899136,0.48741026512968283,0.30244530244530243,0.10432276657060519
237,2025,1667,175,0.10497900419916016,0.49240824835033037,0.29380053908355797,0.10977804439112178
238,2022,1708,169,0.09894613583138173,0.4852026346604208,0.30501672240802674,0.12470725995316159
238,2023,1636,155,0.09474327628361859,0.48415622249388746,0.2986111111111111,0.1198044009779951
238,2024,1697,167,0.09840895698291102,0.47178333529758376,0.29427430093209056,0.11490866234531526
238,2025,1746,173,0.0990836197021764,0.4893117468499432,0.29757343550446996,0.10309278350515463
239,2022,1655,163,0.09848942598187312,0.4991889305135947,0.3069577080491132,0.11419939577039274
239,2023,1751,167,0.09537407195888065,0.49583406624785886,0.3097861309138043,0.11878926327812679
239,2024,1647,170,0.10321797207043108,0.49908196721311526,0.31846259437199725,0.1153612629022465
239,2025,1660,174,0.10481927710843374,0.486000463855422,0.2997918112421929,0.13192771084337349
24,2022,1671,162,0.09694793536804308,0.5040662238180725,0.30405405405405406,0.11430281268701377
24,2023,1754,184,0.10490307867730901,0.49661433295324914,0.2876984126984127,0.1379703534777651
24,2024,1718,178,0.10360884749708964,0.4914168917345747,0.2963696369636964,0.11816065192083819
24,2025,1644,179,0.10888077858880779,0.4927304257907537,0.2962962962962963,0.11313868613138686
240,2022,1708,179,0.10480093676814989,0.49834813231850206,0.3038229376257545,0.12704918032786885
240,2023,1700,165,0.09705882352941177,0.4854969529411762,0.29649595687331537,0.12705882352941175
240,2024,1544,148,0.09585492227979274,0.5031414637305692,0.2891654465592972,0.11528497409326424
240,2025,1663,170,0.10222489476849068,0.49174413710162357,0.27910142954390743,0.11665664461815996
241,2022,1733,202,0.11656087709174841,0.4824401154068095,0.30538922155688625,0.13271783035199078
241,2023,1704,158,0.09272300469483569,0.49416393192488245,0.29023746701846964,0.11032863849765258
241,2024,1733,180,0.10386612810155799,0.49751893248701623,0.31400651465798046,0.1142527409117138
241,2025,1712,165,0.0963785046728972,0.496220835280374,0.29205298013245035,0.11799065420560748
242,2022,1675,156,0.09313432835820895,0.4982152537313439,0.29906542056074764,0.10567164179104478
242,2023,1724,201,0.11658932714617169,0.5059474651972158,0.3097934710193205,0.12935034802784223
242,2024,1758,144,0.08191126279863481,0.491647178612059,0.31145431145431146,0.11604095563139932
242,2025,1674,188,0.11230585424133811,0.4763670191158896,0.3169734151329243,0.12365591397849462
243,2022,1703,177,0.10393423370522607,0.4824912683499715,0.30067567567567566,0.13094539048737522
243,2023,1730,189,0.1092485549132948,0.4952123468208092,0.3178294573643411,0.10520231213872833
243,2024,1661,176,0.10596026490066225,0.4859202709211324,0.32308743169398907,0.11860325105358217
243,2025,1668,177,0.10611510791366907,0.48096019184652233,0.28435374149659864,0.11870503597122302
244,2022,1681,173,0.10291493158834028,0.4954452587745397,0.2904536222071767,0.12135633551457466
244,2023,1679,169,0.10065515187611673,0.4854898570577723,0.3303814713896458,0.12567004169148302
244,2024,1718,172,0.10011641443538999,0.4994665948777645,0.30249343832021,0.11292200232828871
244,2025,1785,184,0.1030812324929972,0.49511040336134404,0.3123008285532186,0.12100840336134454
245,2022,1640,145,0.08841463414634146,0.48532873170731733,0.3125,0.11219512195121951
245,2023,1680,179,0.10654761904761904,0.47993123214285677,0.27567195037904896,0.1363095238095238
245,2024,1700,163,0.09588235294117647,0.4877680470588242,0.2864828513786147,0.12529411764705883
245,2025,1727,164,0.09496236247828604,0.4785578807180085,0.299545159194282,0.10885929357266937
246,2022,1680,164,0.09761904761904762,0.49202459523809544,0.3035594358629953,0.11369047619047619
246,2023,1683,177,0.1051693404634581,0.4882154545454543,0.30842391304347827,0.12537136066547833
246,2024,1738,182,0.1047180667433832,0.48940657077100086,0.3020221787345075,0.11795166858457998
246,2025,1759,201,0.11426947129050596,0.5039679192723142,0.2847043701799486,0.11540648095508811
247,2022,1679,161,0.0958904109589041,0.48516443120905284,0.2960164835164835,0.13281715306730196
247,2023,1651,174,0.10539067231980617,0.4896839612356153,0.2789115646258503,0.1096305269533616
247,2024,1654,147,0.08887545344619105,0.49941710399032696,0.31112637362637363,0.11970979443772672
247,2025,1693,154,0.09096278795038393,0.47670776727702346,0.2906436629064366,0.10986414648552864
248,2022,1731,173,0.0999422299248989,0.4941033679953791,0.2854317732366513,0.12362796071634893
248,2023,1653,196,0.11857229280096794,0.4910111433756801,0.29221226740179185,0.12220205686630368
248,2024,1633,132,0.08083282302510716,0.4758039926515618,0.3132282385195339,0.1065523576240049
248,2025,1670,159,0.09520958083832336,0.4956346826347308,0.28199863107460643,0.1251497005988024
249,2022,1708,196,0.11475409836065574,0.490411305620609,0.31274900398406374,0.11826697892271663
249,2023,1678,164,0.09773539928486293,0.49087317640047734,0.30334014996591685,0.12574493444576879
249,2024,1603,169,0.10542732376793512,0.4925727136618837,0.3090128755364807,0.12788521522145976
249,2025,1627,169,0.1038721573448064,0.49094429010448665,0.2941998602375961,0.12046711739397664
25,2022,1683,176,0.10457516339869281,0.4965194295900174,0.30013550135501355,0.12299465240641712
25,2023,1582,154,0.09734513274336283,0.47970233249051847,0.27388535031847133,0.106826801517067
25,2024,1708,163,0.09543325526932084,0.481661551522248,0.29112271540469975,0.10304449648711944
25,2025,1719,175,0.10180337405468295,0.48261928446771335,0.2923898531375167,0.1285631180919139
250,2022,1726,169,0.09791425260718424,0.48898498261877205,0.30033003300330036,0.12224797219003476
250,2023,1710,181,0.10584795321637427,0.49568740350877205,0.2698412698412698,0.11578947368421053
250,2024,1640,153,0.09329268292682927,0.4820106585365857,0.2795549374130737,0.12317073170731707
250,2025,1703,170,0.09982384028185555,0.4849391250733998,0.3078457446808511,0.11685261303581915
26,2022,1635,160,0.09785932721712538,0.49341128440366994,0.297661233167966,0.13700305810397553
26,2023,1691,179,0.10585452395032525,0.4937415493790649,0.2872340425531915,0.11058545239503252
26,2024,1702,171,0.10047003525264395,0.4939305464159808,0.2868741542625169,0.13160987074030553
26,2025,1746,175,0.1002290950744559,0.48847592210767493,0.2970873786407767,0.11512027491408934
27,2022,1697,158,0.09310548025928109,0.4978920801414264,0.30831099195710454,0.12080141426045964
27,2023,1718,173,0.10069848661233993,0.4842027764842849,0.2915006640106242,0.12339930151338765
27,2024,1679,159,0.09469922572960095,0.49407700416914785,0.32056451612903225,0.11375818939845146
27,2025,1714,159,0.0927654609101517,0.4865923103850638,0.301460823373174,0.12135355892648775
28,2022,1659,174,0.10488245931283906,0.47913409282700514,0.2917827298050139,0.13441832429174203
28,2023,1682,178,0.10582639714625446,0.488539530321046,0.2991967871485944,0.1117717003567182
28,2024,1763,177,0.10039705048213272,0.48440914917753874,0.3086816720257235,0.11798071469086784
28,2025,1725,161,0.09333333333333334,0.498536173913043,0.27925531914893614,0.12811594202898552
29,2022,1667,160,0.09598080383923216,0.487642549490102,0.303485987696514,0.122375524895021
29,2023,1744,163,0.09346330275229357,0.4892817660550465,0.30267449445531636,0.12098623853211009
29,2024,1776,193,0.10867117117117117,0.4917108952702695,0.29762668377164847,0.12218468468468469
29,2025,1702,182,0.10693301997649823,0.4896987837837842,0.2901960784313726,0.10105757931844889
3,2022,1694,165,0.09740259740259741,0.4986834592680041,0.30431848852901483,0.12514757969303425
3,2023,1694,161,0.09504132231404959,0.49054383116883066,0.3241795043536504,0.11865407319952774
3,2024,1700,174,0.10235294117647059,0.49298321764705916,0.2891566265060241,0.12117647058823529
3,2025,1698,160,0.09422850412249706,0.49002766195524106,0.30297029702970296,0.10777385159010601
30,2022,1692,188,0.1111111111111111,0.49375580969267147,0.31643002028397565,0.12588652482269502
30,2023,1658,158,0.09529553679131483,0.5041489626055495,0.3090418353576248,0.10615199034981906
30,2024,1604,161,0.10037406483790523,0.4938085286783037,0.2973925299506695,0.11533665835411472
30,2025,1642,160,0.09744214372716199,0.5012348781973206,0.30097087378640774,0.1218026796589525
31,2022,1647,139,0.08439587128111718,0.4886148694596236,0.2761707988980716,0.11839708561020036
31,2023,1704,171,0.10035211267605634,0.4968028814553992,0.31069266980497645,0.1273474178403756
31,2024,1664,177,0.1063701923076923,0.48310439903846203,0.2629043358568479,0.1268028846153846
31,2025,1699,153,0.09005297233666863,0.48486188346085946,0.28313253012048195,0.12065921130076515
32,2022,1737,196,0.11283822682786414,0.48586640184225655,0.3054641211323239,0.12550374208405296
32,2023,1769,191,0.10797060486150367,0.49388158281514943,0.3037412809131262,0.10853589598643301
32,2024,1671,173,0.10353081986834231,0.4737409216038299,0.3062200956937799,0.12447636146020347
32,2025,1675,158,0.09432835820895523,0.48823079999999974,0.2981620149761743,0.12298507462686567
33,2022,1696,182,0.10731132075471699,0.48772255306603796,0.28112449799196787,0.11910377358490566
33,2023,1751,181,0.10336950314106225,0.4863852655625361,0.2842242503259452,0.12392918332381496
33,2024,1682,182,0.10820451843043995,0.4932251486325807,0.3050847457627119,0.12306777645659929
33,2025,1714,160,0.09334889148191365,0.48040787631271914,0.2977150537634409,0.13185530921820304
34,2022,1739,152,0.08740655549166187,0.4809014721104081,0.29954809554551326,0.10925819436457734
34,2023,1727,172,0.09959467284308049,0.4949489866821074,0.2999340804218853,0.12159814707585408
34,2024,1717,170,0.09900990099009901,0.4873088584740828,0.2840079628400796,0.12230634828188701
34,2025,1706,162,0.09495896834701055,0.4814926143024625,0.2962962962962963,0.12954279015240328
35,2022,1699,169,0.09947027663331372,0.5029524779281934,0.32046070460704607,0.1312536786344909
35,2023,1684,151,0.08966745843230403,0.4911333729216143,0.2795918367346939,0.12707838479809977
35,2024,1742,152,0.08725602755453502,0.48965673363949436,0.2913128674069236,0.12112514351320322
35,2025,1719,161,0.09365910413030831,0.4652400058173356,0.3038563829787234,0.12507271669575334
36,2022,1717,167,0.0972626674432149,0.48581072218986626,0.3253493013972056,0.12463599301106582
36,2023,1732,166,0.09584295612009237,0.4784059180138569,0.28599348534201957,0.11374133949191687
36,2024,1700,177,0.10411764705882352,0.4864969058823527,0.29423592493297585,0.1223529411764706
36,2025,1623,161,0.09919901417128774,0.48529662969808934,0.3048951048951049,0.11891558841651263
37,2022,1702,177,0.10399529964747356,0.4740444770857822,0.2967398536260812,0.11692126909518213
37,2023,1745,160,0.09169054441260745,0.5073045673352431,0.2986337020169161,0.11919770773638969
37,2024,1625,144,0.08861538461538461,0.48100370461538505,0.3124565066109951,0.11569230769230769
37,2025,1664,167,0.10036057692307693,0.49314359375000066,0.28434065934065933,0.125
38,2022,1690,166,0.09822485207100591,0.48072710059171564,0.3120759837177748,0.12781065088757396
38,2023,1675,179,0.10686567164179105,0.4872435044776116,0.29694915254237286,0.11940298507462686
38,2024,1665,161,0.0966966966966967,0.4879503423423422,0.29407760381211706,0.11771771771771772
38,2025,1714,169,0.0985997666277713,0.4971172578763133,0.2936026936026936,0.13360560093348892
39,2022,1683,186,0.11051693404634581,0.4884462507427217,0.3128792987188132,0.11883541295306001
39,2023,1571,172,0.109484404837683,0.4905418077657536,0.2833333333333333,0.1215786123488224
39,2024,1710,175,0.1023391812865497,0.4856927368421055,0.3044341495698213,0.11637426900584795
39,2025,1708,168,0.09836065573770492,0.48641500000000026,0.3122923588039867,0.11885245901639344
4,2022,1709,178,0.10415447630193095,0.4816195494441199,0.3186372745490982,0.1240491515506144
4,2023,1664,172,0.10336538461538461,0.48317073317307735,0.3075370121130552,0.10697115384615384
4,2024,1708,197,0.11533957845433256,0.48180874121779843,0.29927007299270075,0.11768149882903982
4,2025,1710,176,0.10292397660818714,0.5056631286549703,0.2793333333333333,0.12280701754385964
40,2022,1735,170,0.09798270893371758,0.49559608645533104,0.30915032679738563,0.11815561959654179
40,2023,1690,162,0.09585798816568047,0.5018567455621299,0.3032732130928524,0.11420118343195267
40,2024,1763,190,0.10777084515031196,0.4816678275666485,0.31476683937823835,0.12422007941009643
40,2025,1624,157,0.09667487684729065,0.4819226108374378,0.28982456140350876,0.12253694581280788
41,2022,1670,189,0.11317365269461079,0.4936241197604785,0.2977867203219316,0.10718562874251497
41,2023,1686,164,0.09727164887307237,0.4988018327402133,0.2829560585885486,0.10913404507710557
41,2024,1693,172,0.10159480212640283,0.4851058889545192,0.29900332225913623,0.11104548139397519
41,2025,1723,148,0.08589669181659895,0.4862373708647714,0.2963696369636964,0.12071967498549042
42,2022,1785,191,0.10700280112044817,0.4961170252100838,0.2994314592545799,0.11316526610644258
42,2023,1713,169,0.09865732632807939,0.5028770577933451,0.3077948034643571,0.1237594862813777
42,2024,1670,176,0.10538922155688622,0.48768928742514933,0.31180555555555556,0.1377245508982036
42,2025,1624,152,0.09359605911330049,0.5153436145320198,0.3087719298245614,0.12253694581280788
43,2022,1644,168,0.10218978102189781,0.5015772627737228,0.28214037526059765,0.12469586374695864
43,2023,1676,168,0.10023866348448687,0.4885292899761332,0.30519918973666443,0.11634844868735084
43,2024,1713,164,0.09573847051955633,0.48180336835960275,0.3074866310160428,0.12667834208990075
43,2025,1820,165,0.09065934065934066,0.48343690659340727,0.30234029095509174,0.13131868131868132
44,2022,1675,147,0.08776119402985075,0.4851402328358208,0.29965870307167236,0.1253731343283582
44,2023,1713,161,0.09398715703444249,0.488543864565091,0.29580279813457694,0.1237594862813777
44,2024,1716,187,0.10897435897435898,0.4895486771561772,0.29494007989347537,0.1247086247086247
44,2025,1643,159,0.0967741935483871,0.4953352099817402,0.2819626814098134,0.11929397443700548
45,2022,1756,175,0.09965831435079726,0.48394962414578585,0.2902391725921138,0.11902050113895217
45,2023,1716,164,0.09557109557109557,0.4809943298368301,0.296271637816245,0.1247086247086247
45,2024,1701,171,0.10052910052910052,0.49028736625514374,0.29669588671611596,0.12815990593768373
45,2025,1685,184,0.10919881305637982,0.5022745578635011,0.3087071240105541,0.10029673590504451
46,2022,1687,164,0.0972139893301719,0.48428129816241855,0.29211229946524064,0.11321873147599289
46,2023,1722,168,0.0975609756097561,0.4990762543554008,0.30423102753525855,0.13530778164924506
46,2024,1729,168,0.09716599190283401,0.5039268074031237,0.29869281045751633,0.11509543088490456
46,2025,1678,169,0.10071513706793803,0.5021894576877238,0.30405405405405406,0.11799761620977355
47,2022,1701,163,0.09582598471487361,0.5012715285126398,0.2791164658634538,0.12169312169312169
47,2023,1644,174,0.10583941605839416,0.48995454987834586,0.2807983482450103,0.11618004866180048
47,2024,1703,162,0.09512624779800352,0.49636179095713495,0.29469548133595286,0.10334703464474457
47,2025,1739,162,0.09315698677400805,0.4949170385278897,0.30906684315023164,0.1311098332374928
48,2022,1766,194,0.10985277463193659,0.48759192525481393,0.30279898218829515,0.10985277463193659
48,2023,1716,176,0.10256410256410256,0.4928382925407927,0.29953611663353213,0.12062937062937062
48,2024,1666,172,0.10324129651860744,0.4983955942376946,0.2903225806451613,0.12545018007202882
48,2025,1705,167,0.09794721407624633,0.4850602756598247,0.3114754098360656,0.10557184750733138
49,2022,1677,164,0.09779367918902802,0.48942079904591484,0.29527027027027025,0.1174716756112105
49,2023,1782,150,0.08417508417508418,0.48062726150392754,0.30541237113402064,0.12906846240179573
49,2024,1744,154,0.08830275229357798,0.49284900229357875,0.28553054662379423,0.10837155963302753
49,2025,1699,187,0.11006474396703944,0.49383778104767445,0.3233333333333333,0.11712772218952325
5,2022,1740,170,0.09770114942528736,0.4769905287356319,0.3131578947368421,0.12643678160919541
5,2023,1750,149,0.08514285714285715,0.4929088228571427,0.305484693877551,0.104
5,2024,1660,153,0.09216867469879518,0.4973465843373491,0.32421340629274964,0.11927710843373494
5,2025,1737,179,0.10305123776626367,0.5029420610247559,0.29980532121998704,0.11283822682786414
50,2022,1603,170,0.10605115408608859,0.4752295196506551,0.3058907026259759,0.12102308172177167
50,2023,1784,185,0.10369955156950672,0.5026550784753372,0.29282482223658696,0.132847533632287
50,2024,1726,164,0.09501738122827347,0.4789959849362689,0.2971542025148908,0.12456546929316338
50,2025,1667,167,0.10017996400719856,0.4920574565086974,0.29878048780487804,0.11457708458308338
51,2022,1709,166,0.09713282621416033,0.4946542422469279,0.3141711229946524,0.12463428905792862
51,2023,1700,203,0.11941176470588236,0.4875238058823526,0.31245880026367834,0.10764705882352942
51,2024,1687,183,0.1084765856550089,0.4845671487848254,0.3078484438430311,0.12388855957320688
51,2025,1715,182,0.10612244897959183,0.49276008746355654,0.29518072289156627,0.12886297376093295
52,2022,1714,167,0.09743290548424738,0.4888301341890313,0.2956810631229236,0.12193698949824971
52,2023,1726,179,0.1037079953650058,0.4885398957126305,0.3063660477453581,0.12630359212050984
52,2024,1765,152,0.08611898016997167,0.48478682152974484,0.3032839665164198,0.12011331444759207
52,2025,1703,170,0.09982384028185555,0.48540728126835025,0.28034875922199864,0.12448620082207869
53,2022,1701,187,0.10993533215755438,0.47764927101704857,0.30101694915254235,0.13286302175191064
53,2023,1726,173,0.10023174971031286,0.48878145422943264,0.2979564930784443,0.12108922363847045
53,2024,1632,166,0.1017156862745098,0.5049630514705876,0.3009915014164306,0.13480392156862744
53,2025,1679,153,0.09112567004169149,0.4732731328171533,0.2935290193462308,0.1072066706372841
54,2022,1684,161,0.09560570071258907,0.5032228147268402,0.3066577000672495,0.1169833729216152
54,2023,1648,171,0.10376213592233009,0.4892483737864074,0.3097040605643496,0.1183252427184466
54,2024,1651,160,0.09691096305269534,0.5000750514839492,0.31356509884117245,0.11144760751059964
54,2025,1644,169,0.10279805352798053,0.48884358880778644,0.3080568720379147,0.10158150851581509
55,2022,1715,169,0.09854227405247813,0.485461702623906,0.28580901856763924,0.1206997084548105
55,2023,1614,173,0.10718711276332094,0.4832430607187115,0.3271823988644429,0.12701363073110286
55,2024,1661,162,0.0975316074653823,0.5013621794099933,0.25204359673024523,0.11619506321493077
55,2025,1666,191,0.11464585834333733,0.4890747418967594,0.2916952642415923,0.12545018007202882
56,2022,1714,169,0.0985997666277713,0.498011166861143,0.29880478087649404,0.12135355892648775
56,2023,1719,144,0.08376963350785341,0.472555910413031,0.2982689747003995,0.12623618382780685
56,2024,1709,186,0.1088355763604447,0.4952584201287309,0.29788639365918096,0.11410181392627268
56,2025,1711,157,0.09175920514319112,0.4956420923436592,0.31353135313531355,0.11455289304500292
57,2022,1705,179,0.10498533724340176,0.4889384164222869,0.2774834437086093,0.11436950146627566
57,2023,1708,159,0.09309133489461359,0.492068829039813,0.30311231393775373,0.13466042154566746
57,2024,1726,170,0.0984936268829664,0.4873612398609495,0.32232496697490093,0.12282734646581692
57,2025,1673,167,0.09982068141063957,0.4969798326359835,0.29574611748818364,0.11476389719067544
58,2022,1724,167,0.0968677494199536,0.49016261020881663,0.28998699609882966,0.10788863109048724
58,2023,1705,169,0.09912023460410557,0.47693364809384164,0.31316489361702127,0.11788856304985337
58,2024,1709,169,0.09888823873610299,0.4827221591574025,0.28810160427807485,0.12463428905792862
58,2025,1712,170,0.09929906542056074,0.4932086098130844,0.30118110236220474,0.10981308411214953
59,2022,1666,177,0.10624249699879952,0.5039169507803126,0.3089542036910458,0.12184873949579832
59,2023,1702,144,0.0846063454759107,0.4891726321974148,0.2704485488126649,0.10928319623971798
59,2024,1723,160,0.09286128845037725,0.48974354614045223,0.29260237780713344,0.12130005803830528
59,2025,1687,162,0.09602845287492591,0.4964085299347959,0.3171864631718646,0.10669828097213989
6,2022,1683,165,0.09803921568627451,0.4869729292929292,0.3055370246831221,0.10932857991681522
6,2023,1731,182,0.10514153668399769,0.4996923627960717,0.29857512953367876,0.10803004043905257
6,2024,1683,173,0.10279263220439691,0.4864020083184786,0.29119031607262946,0.11645870469399881
6,2025,1655,179,0.1081570996978852,0.49983334743202407,0.2759322033898305,0.10876132930513595
60,2022,1644,176,0.1070559610705596,0.4809157116788325,0.2951388888888889,0.12408759124087591
60,2023,1689,195,0.11545293072824156,0.47378553582001126,0.3117408906882591,0.12255772646536411
60,2024,1672,171,0.10227272727272728,0.4826702511961727,0.3116970926301555,0.11543062200956938
60,2025,1712,171,0.09988317757009346,0.49139230724299043,0.31592689295039167,0.10514018691588785
61,2022,1681,184,0.10945865556216537,0.49904711481261205,0.30837304288631723,0.12611540749553837
61,2023,1778,176,0.09898762654668167,0.49057948256467987,0.3057692307692308,0.12260967379077616
61,2024,1665,169,0.1015015015015015,0.49270413813813824,0.3117767188563649,0.11771771771771772
61,2025,1704,193,0.11326291079812206,0.4893341842723,0.3194168323392976,0.11443661971830986
62,2022,1678,182,0.10846245530393325,0.4918580154946368,0.3167701863354037,0.1364719904648391
62,2023,1645,162,0.09848024316109423,0.49693913677811563,0.3107067879636109,0.13130699088145897
62,2024,1757,180,0.10244735344336937,0.49205171883892973,0.29781601588352086,0.1400113830392715
62,2025,1747,168,0.09616485403548941,0.4882633829421873,0.3145846958796599,0.1247853463079565
63,2022,1716,166,0.09673659673659674,0.48853586247086267,0.29875246224556795,0.11247086247086246
63,2023,1688,171,0.10130331753554503,0.4806611966824643,0.30420054200542007,0.12559241706161137
63,2024,1631,179,0.10974862047823421,0.4890482342121399,0.2985487214927436,0.11281422440220723
63,2025,1672,193,0.11543062200956938,0.50754687200957,0.2839590443686007,0.12380382775119617
64,2022,1618,166,0.10259579728059333,0.4970721446229916,0.30847212165097754,0.14647713226205192
64,2023,1746,196,0.11225658648339061,0.48997306987399725,0.29072031148604804,0.11741122565864834
64,2024,1731,167,0.09647602541883304,0.4758533102253034,0.31746031746031744,0.1265164644714038
64,2025,1714,155,0.09043173862310384,0.49293302800466754,0.2891566265060241,0.12835472578763127
65,2022,1747,165,0.09444762449914139,0.48379081282197994,0.3061760840998686,0.1287922152261019
65,2023,1662,175,0.10529482551143202,0.503548886883273,0.30519918973666443,0.10890493381468111
65,2024,1682,147,0.08739595719381689,0.48555233055885866,0.3067484662576687,0.1278240190249703
65,2025,1699,168,0.09888169511477339,0.48311667451441975,0.30861723446893785,0.1188934667451442
66,2022,1738,175,0.10069044879171461,0.4867944936708857,0.2820343461030383,0.12888377445339472
66,2023,1776,171,0.09628378378378379,0.48247931306306274,0.3033996151379089,0.12218468468468469
66,2024,1736,165,0.09504608294930876,0.4805138191244229,0.2844155844155844,0.11290322580645161
66,2025,1733,174,0.10040392383150606,0.4762095614541263,0.290956749672346,0.11944604731679169
67,2022,1681,163,0.09696609161213564,0.4842551219512198,0.31432360742705573,0.10291493158834028
67,2023,1689,160,0.09473060982830077,0.4919357193605682,0.3116621983914209,0.11663706335109532
67,2024,1699,189,0.11124190700412007,0.4734111889346671,0.3019634394041977,0.13066509711595056
67,2025,1721,198,0.11504938988959908,0.4912621731551427,0.2991967871485944,0.13190005810575248
68,2022,1678,190,0.11323003575685339,0.4846712455303929,0.2915811088295688,0.1293206197854589
68,2023,1666,163,0.09783913565426171,0.4959397058823534,0.3112175102599179,0.12244897959183673
68,2024,1649,159,0.09642207398423287,0.48688745906610026,0.30034364261168384,0.11764705882352941
68,2025,1660,182,0.10963855421686747,0.48677533132530093,0.3094109681787407,0.11024096385542169
69,2022,1650,169,0.10242424242424242,0.4964488787878791,0.3083275980729525,0.1193939393939394
69,2023,1736,146,0.08410138248847926,0.48431160138248786,0.30156657963446476,0.1175115207373272
69,2024,1676,170,0.10143198090692124,0.4751954057279242,0.2963210702341137,0.10799522673031026
69,2025,1721,169,0.09819872167344568,0.47966180127832675,0.2842174197773412,0.11272515979081929
7,2022,1677,181,0.10793082886106142,0.4934073762671435,0.299039780521262,0.13059033989266547
7,2023,1711,162,0.09468147282291058,0.4981559322033903,0.2923898531375167,0.1244886031560491
7,2024,1749,180,0.10291595197255575,0.48631916523727897,0.3001936733376372,0.11435105774728416
7,2025,1740,179,0.1028735632183908,0.4863807126436788,0.30221932114882505,0.11954022988505747
70,2022,1670,202,0.12095808383233533,0.5026318263473052,0.3035230352303523,0.11616766467065869
70,2023,1764,179,0.10147392290249434,0.4972749036281184,0.30634715025906734,0.12471655328798185
70,2024,1717,174,0.10133954571927781,0.4778610599883518,0.28888888888888886,0.10891089108910891
70,2025,1620,174,0.10740740740740741,0.48920558024691374,0.3037974683544304,0.12222222222222222
71,2022,1642,147,0.08952496954933009,0.48676400730816066,0.29310344827586204,0.11693057247259439
71,2023,1696,187,0.11025943396226415,0.4828909492924534,0.3157181571815718,0.12971698113207547
71,2024,1646,189,0.11482381530984204,0.49880789793438696,0.28711484593837533,0.1324422843256379
71,2025,1727,164,0.09496236247828604,0.47894381007527465,0.3137384412153236,0.123335263462652
72,2022,1704,177,0.10387323943661972,0.49385142605633847,0.3228346456692913,0.1056338028169014
72,2023,1700,180,0.10588235294117647,0.4835237117647063,0.286493860845839,0.1376470588235294
72,2024,1728,178,0.10300925925925926,0.48686197337963005,0.30080753701211305,0.1400462962962963
72,2025,1764,183,0.10374149659863946,0.48678585600906965,0.29209183673469385,0.1111111111111111
73,2022,1690,166,0.09822485207100591,0.4998725384615379,0.30676490288010716,0.1165680473372781
73,2023,1651,161,0.09751665657177468,0.4741453179890981,0.29909784871616935,0.12719563900666264
73,2024,1706,184,0.10785463071512309,0.48925590855803014,0.289544235924933,0.1254396248534584
73,2025,1718,169,0.09837019790454016,0.49887178696158363,0.3005284015852048,0.11874272409778813
74,2022,1757,189,0.10756972111553785,0.49683288560045585,0.3236040609137056,0.10301650540694365
74,2023,1656,152,0.09178743961352658,0.4721694202898553,0.2910089224433768,0.12016908212560387
74,2024,1725,172,0.09971014492753623,0.4813043420289859,0.28505291005291006,0.12347826086956522
74,2025,1702,187,0.10987074030552292,0.5014743537015284,0.31020680453635757,0.11927144535840188
75,2022,1686,158,0.0937129300118624,0.4922409905100832,0.29740791268758526,0.13048635824436536
75,2023,1631,177,0.10852237890864501,0.4794022746781114,0.30637422892392047,0.10545677498467199
75,2024,1756,178,0.10136674259681093,0.4975539578587695,0.3024296675191816,0.10933940774487472
75,2025,1653,160,0.09679370840895342,0.47725523290986077,0.3035961272475795,0.12522686025408347
76,2022,1638,159,0.09706959706959707,0.48899661782661774,0.34111818825194623,0.13736263736263737
76,2023,1673,152,0.09085475194261805,0.4814367603108186,0.2914402173913043,0.12014345487148835
76,2024,1771,171,0.09655561829474874,0.4853756013551673,0.31049935979513443,0.11801242236024845
76,2025,1735,190,0.10951008645533142,0.4930902651296835,0.2980263157894737,0.1239193083573487
77,2022,1752,183,0.10445205479452055,0.508216449771689,0.3120612635609445,0.10559360730593607
77,2023,1687,178,0.1055127445168939,0.4937790160047424,0.3221701272605492,0.11499703615886188
77,2024,1653,175,0.10586811857229281,0.48609793708408916,0.29120879120879123,0.1191772534785239
77,2025,1699,138,0.08122424955856386,0.4885689699823426,0.30319148936170215,0.11477339611536198
78,2022,1725,178,0.10318840579710145,0.4901375188405799,0.3009966777408638,0.12753623188405797
78,2023,1717,156,0.09085614443797321,0.4817238672102502,0.30634278002699056,0.13686662783925452
78,2024,1659,164,0.09885473176612417,0.48550846895720295,0.3025956284153005,0.11754068716094032
78,2025,1661,158,0.09512341962673089,0.49672085490668294,0.295391061452514,0.1378687537627935
79,2022,1752,145,0.08276255707762557,0.48696535958904075,0.3125810635538262,0.11986301369863013
79,2023,1677,165,0.09838998211091235,0.49827184257602886,0.31994554118447927,0.12403100775193798
79,2024,1698,169,0.09952885747938751,0.48172714369846853,0.3121232417950435,0.12073027090694935
79,2025,1709,164,0.09596255119953188,0.5110727267407845,0.29186281102891726,0.1299005266237566
8,2022,1630,176,0.10797546012269939,0.4874127730061346,0.2808362369337979,0.1196319018404908
8,2023,1649,181,0.10976349302607641,0.4876957610673132,0.2864976010966415,0.11522134627046694
8,2024,1674,192,0.11469534050179211,0.5145022640382324,0.29222520107238603,0.1087216248506571
8,2025,1703,173,0.10158543746330007,0.47507516735173183,0.30831099195710454,0.12389900176159718
80,2022,1729,172,0.09947946790052054,0.4929453499132443,0.2835426305353602,0.1249277038750723
80,2023,1716,174,0.10139860139860139,0.48544546620046664,0.32086614173228345,0.11188811188811189
80,2024,1717,178,0.10366919044845661,0.49217610366919007,0.31704095112285335,0.11822947000582411
80,2025,1743,178,0.102122776821572,0.48991063683304714,0.3059360730593607,0.12048192771084337
81,2022,1707,164,0.09607498535442296,0.4894539660222615,0.3142857142857143,0.11833626244874049
81,2023,1690,162,0.09585798816568047,0.4854500118343194,0.3053691275167785,0.11834319526627218
81,2024,1717,167,0.0972626674432149,0.48227482818870077,0.29973297730307075,0.12754804892253932
81,2025,1651,151,0.09145972138098123,0.4991112901271955,0.29049897470950103,0.11387038158691702
82,2022,1695,156,0.0920353982300885,0.4986239823008849,0.26115922718187873,0.11445427728613569
82,2023,1683,158,0.09387997623291741,0.47591567439096905,0.3108665749656121,0.13606654783125371
82,2024,1658,160,0.09650180940892641,0.511409282267793,0.3055746730901583,0.12364294330518698
82,2025,1676,140,0.08353221957040573,0.48496254176611014,0.3114534494306765,0.10918854415274463
83,2022,1707,167,0.09783245459871119,0.47810833626244836,0.30856760374832665,0.12478031634446397
83,2023,1670,152,0.09101796407185629,0.49021115568862283,0.2925353059852051,0.10958083832335329
83,2024,1634,174,0.10648714810281518,0.4909164259485921,0.2923728813559322,0.13341493268053856
83,2025,1689,171,0.10124333925399645,0.4911056009473064,0.29141716566866266,0.11012433392539965
84,2022,1732,178,0.10277136258660508,0.49475278290993124,0.3,0.11662817551963048
84,2023,1697,161,0.09487330583382439,0.4907277489687684,0.27549668874172184,0.11019446081319977
84,2024,1722,184,0.10685249709639953,0.4745839953542387,0.28580814717477004,0.11614401858304298
84,2025,1664,177,0.1063701923076923,0.4906121935096156,0.2987012987012987,0.12079326923076923
85,2022,1706,171,0.10023446658851114,0.5017484994138335,0.30505050505050507,0.12954279015240328
85,2023,1674,152,0.0908004778972521,0.4837049283154132,0.3030508474576271,0.11887694145758662
85,2024,1698,179,0.10541813898704358,0.48560583038869287,0.3193612774451098,0.11484098939929328
85,2025,1712,179,0.10455607476635514,0.48820922313084064,0.30165016501650166,0.11507009345794393
86,2022,1714,195,0.11376896149358226,0.4903010851808635,0.30111038536903983,0.10676779463243874
86,2023,1617,167,0.10327767470624613,0.488266406926407,0.3059071729957806,0.12059369202226346
86,2024,1631,169,0.10361741263028816,0.4888507357449422,0.31014904187366926,0.13611281422440222
86,2025,1751,180,0.10279840091376356,0.49571861793261063,0.3063063063063063,0.11250713877784123
87,2022,1657,200,0.12070006035003017,0.48533583584791756,0.2855191256830601,0.11647555823777912
87,2023,1740,179,0.1028735632183908,0.4783160977011498,0.275390625,0.11724137931034483
87,2024,1667,178,0.10677864427114576,0.4799513317336536,0.29931972789115646,0.11817636472705459
87,2025,1639,153,0.09334960341671751,0.4915889017693712,0.2856130403968816,0.1391092129347163
88,2022,1688,160,0.0947867298578199,0.48438404620853115,0.303363074811256,0.1368483412322275
88,2023,1664,163,0.09795673076923077,0.4813874519230768,0.26597938144329897,0.12560096153846154
88,2024,1728,161,0.0931712962962963,0.4740015914351858,0.2983028720626632,0.11342592592592593
88,2025,1745,160,0.09169054441260745,0.4940793065902574,0.2864617396991498,0.12378223495702005
89,2022,1691,182,0.10762862211709048,0.4770473565937318,0.292,0.11295091661738617
89,2023,1721,179,0.10400929692039512,0.48581743172574104,0.3012442698100851,0.11272515979081929
89,2024,1691,166,0.09816676522767594,0.4872505617977524,0.30727762803234504,0.12241277350680072
89,2025,1725,152,0.08811594202898551,0.48274158840579645,0.300327868852459,0.11594202898550725
9,2022,1709,165,0.0965476887068461,0.48052810415447633,0.3047808764940239,0.11878291398478642
9,2023,1681,173,0.10291493158834028,0.486769714455681,0.3115646258503401,0.1255205234979179
9,2024,1686,157,0.09311981020166074,0.47494148873072367,0.3041722745625841,0.11862396204033215
9,2025,1665,158,0.0948948948948949,0.4907529069069068,0.2961696306429549,0.12192192192192192
90,2022,1721,192,0.1115630447414294,0.4955465427077285,0.2749504296100463,0.12085996513654852
90,2023,1616,159,0.0983910891089109,0.4943457054455449,0.2930914166085136,0.11324257425742575
90,2024,1711,173,0.1011104617182934,0.4823096142606661,0.2971887550200803,0.12682641729982466
90,2025,1620,171,0.10555555555555556,0.5036391851851854,0.2902338376891334,0.10246913580246914
91,2022,1712,189,0.11039719626168225,0.49139300233644867,0.3129568106312292,0.12091121495327103
91,2023,1714,167,0.09743290548424738,0.49207990081680325,0.2931833223031105,0.11843640606767794
91,2024,1749,190,0.10863350485991996,0.49168723270440295,0.299475753604194,0.12750142938822184
91,2025,1714,178,0.10385064177362893,0.5069447316219371,0.3144736842105263,0.11318553092182031
92,2022,1740,182,0.10459770114942529,0.4879794540229888,0.2814332247557003,0.11781609195402298
92,2023,1667,169,0.10137972405518897,0.5026286022795435,0.30790378006872854,0.1271745650869826
92,2024,1645,160,0.0972644376899696,0.4804042796352588,0.30303030303030304,0.11732522796352583
92,2025,1673,169,0.10101613867304243,0.4905416616855948,0.3096686950642326,0.1159593544530783
93,2022,1696,160,0.09433962264150944,0.4897041568396222,0.29691689008042893,0.12028301886792453
93,2023,1717,162,0.09435061153174142,0.46805718112987776,0.3130779392338177,0.11822947000582411
93,2024,1701,179,0.10523221634332745,0.5049775308641984,0.28457974851091994,0.11169900058788948
93,2025,1764,151,0.08560090702947845,0.48865342970521536,0.30625402965828497,0.12074829931972789
94,2022,1671,172,0.10293237582286056,0.4872246558946743,0.31877133105802047,0.12327947336923997
94,2023,1666,180,0.10804321728691477,0.4995214645858344,0.29243353783231085,0.11944777911164466
94,2024,1648,186,0.11286407766990292,0.48296361650485403,0.29129540781357094,0.11468446601941748
94,2025,1696,196,0.11556603773584906,0.491619616745283,0.29510395707578807,0.12087264150943396
95,2022,1674,182,0.1087216248506571,0.49556849462365615,0.30494505494505497,0.13022700119474312
95,2023,1710,168,0.09824561403508772,0.490249046783626,0.299797434166104,0.13391812865497077
95,2024,1692,170,0.10047281323877069,0.49971617021276576,0.2878179384203481,0.11702127659574468
95,2025,1618,142,0.08776266996291718,0.49819193448702126,0.27789473684210525,0.11928306551297899
96,2022,1618,160,0.09888751545117429,0.4885034177997526,0.29134412385643915,0.12175525339925834
96,2023,1675,160,0.0955223880597015,0.511410292537314,0.313179347826087,0.12119402985074627
96,2024,1707,173,0.10134739308728764,0.49779598125366104,0.31216216216216214,0.1329818394844757
96,2025,1725,186,0.10782608695652174,0.47704296811594227,0.29473684210526313,0.11884057971014493
97,2022,1664,165,0.09915865384615384,0.48763581129807737,0.2822085889570552,0.11838942307692307
97,2023,1696,146,0.08608490566037735,0.47204538325471657,0.3092369477911647,0.11910377358490566
97,2024,1669,184,0.11024565608148593,0.49079973636908336,0.2896505376344086,0.10844817255841821
97,2025,1703,163,0.09571344685848503,0.4860917204932471,0.322237017310253,0.11802701115678214
98,2022,1700,173,0.10176470588235294,0.4931865235294119,0.2848318462594372,0.14294117647058824
98,2023,1677,182,0.10852713178294573,0.49386896839594546,0.29110512129380056,0.11508646392367322
98,2024,1686,183,0.10854092526690391,0.49614166666666687,0.2848402447314752,0.12752075919335706
98,2025,1702,190,0.11163337250293771,0.4944308401880146,0.2940785096473719,0.11692126909518213
99,2022,1759,171,0.09721432632177374,0.4744108698123928,0.2905708787684413,0.1137009664582149
99,2023,1718,161,0.09371362048894064,0.5023304365541327,0.30799735624586916,0.11932479627473806
99,2024,1712,168,0.09813084112149532,0.4845254322429907,0.3308675184936113,0.1314252336448598
99,2025,1650,178,0.10787878787878788,0.4967469757575752,0.2963970088375255,0.10848484848484849
